file,predicted_sequence,corrected_sequence
/mnt/wwn-0x5000c500cc8a8151/Prototype_folder_structure/HEAD/T1/VANILLA_T1/REGISTERED/SKULLS_OASIS/sub-OAS30699_ses-d0108_run-02_T1w.nii.gz,SKULLS_OASIS,Unknown
/mnt/wwn-0x5000c500cc8a8151/Prototype_folder_structure/HEAD/T1/VANILLA_T1/REGISTERED/SKULLS_OASIS/sub-OAS30841_ses-d0348_run-02_T1w.nii.gz,SKULLS_OASIS,T1
/mnt/wwn-0x5000c500cc8a8151/Prototype_folder_structure/HEAD/T1/VANILLA_T1/REGISTERED/SKULLS_OASIS/sub-OAS30246_ses-d0746_run-02_T1w.nii.gz,SKULLS_OASIS,T1
/mnt/wwn-0x5000c500cc8a8151/Prototype_folder_structure/HEAD/T1/VANILLA_T1/REGISTERED/SKULLS_OASIS/sub-OAS30097_ses-d2551_T1w.nii.gz,SKULLS_OASIS,T1
/mnt/wwn-0x5000c500cc8a8151/Prototype_folder_structure/HEAD/T1/VANILLA_T1/REGISTERED/SKULLS_OASIS/sub-OAS30403_ses-d2868_T1w.nii.gz,SKULLS_OASIS,T1
/mnt/wwn-0x5000c500cc8a8151/Prototype_folder_structure/HEAD/T1/VANILLA_T1/REGISTERED/SKULLS_OASIS/sub-OAS30249_ses-d4416_T1w.nii.gz,SKULLS_OASIS,T1
/mnt/wwn-0x5000c500cc8a8151/Prototype_folder_structure/HEAD/T1/VANILLA_T1/REGISTERED/SKULLS_OASIS/sub-OAS30690_ses-d0042_T1w.nii.gz,SKULLS_OASIS,T1
/mnt/wwn-0x5000c500cc8a8151/Prototype_folder_structure/HEAD/T1/VANILLA_T1/REGISTERED/SKULLS_OASIS/sub-OAS30286_ses-d0047_T1w.nii.gz,SKULLS_OASIS,T1
/mnt/wwn-0x5000c500cc8a8151/Prototype_folder_structure/HEAD/T1/VANILLA_T1/REGISTERED/SKULLS_OASIS/sub-OAS30276_ses-d2405_T1w.nii.gz,SKULLS_OASIS,T1
/mnt/wwn-0x5000c500cc8a8151/Prototype_folder_structure/HEAD/T1/VANILLA_T1/REGISTERED/SKULLS_OASIS/sub-OAS30600_ses-d3618_T1w.nii.gz,SKULLS_OASIS,T1
/mnt/wwn-0x5000c500cc8a8151/Prototype_folder_structure/HEAD/T1/VANILLA_T1/REGISTERED/SKULLS_OASIS/sub-OAS31108_ses-d4795_run-01_T1w.nii.gz,SKULLS_OASIS,T1
/mnt/wwn-0x5000c500cc8a8151/Prototype_folder_structure/HEAD/T1/VANILLA_T1/REGISTERED/SKULLS_OASIS/sub-OAS30823_ses-d2722_T1w.nii.gz,SKULLS_OASIS,T1
/mnt/wwn-0x5000c500cc8a8151/Prototype_folder_structure/HEAD/T1/VANILLA_T1/REGISTERED/SKULLS_OASIS/sub-OAS30888_ses-d0066_T1w.nii.gz,SKULLS_OASIS,T1
/mnt/wwn-0x5000c500cc8a8151/Prototype_folder_structure/HEAD/T1/VANILLA_T1/REGISTERED/SKULLS_OASIS/sub-OAS31157_ses-d1964_run-02_T1w.nii.gz,SKULLS_OASIS,T1
/mnt/wwn-0x5000c500cc8a8151/Prototype_folder_structure/HEAD/T1/VANILLA_T1/REGISTERED/SKULLS_OASIS/sub-OAS31114_ses-d3338_T1w.nii.gz,SKULLS_OASIS,T1
/mnt/wwn-0x5000c500cc8a8151/Prototype_folder_structure/HEAD/T1/VANILLA_T1/REGISTERED/SKULLS_OASIS/sub-OAS30692_ses-d2407_run-02_T1w.nii.gz,SKULLS_OASIS,T1
/mnt/wwn-0x5000c500cc8a8151/Prototype_folder_structure/HEAD/T1/VANILLA_T1/REGISTERED/SKULLS_OASIS/sub-OAS30240_ses-d3487_T1w.nii.gz,SKULLS_OASIS,T1
/mnt/wwn-0x5000c500cc8a8151/Prototype_folder_structure/HEAD/T1/VANILLA_T1/REGISTERED/SKULLS_OASIS/sub-OAS30883_ses-d0282_run-01_T1w.nii.gz,SKULLS_OASIS,T1
/mnt/wwn-0x5000c500cc8a8151/Prototype_folder_structure/HEAD/T1/VANILLA_T1/REGISTERED/SKULLS_OASIS/sub-OAS30893_ses-d0053_run-02_T1w.nii.gz,SKULLS_OASIS,T1
/mnt/wwn-0x5000c500cc8a8151/Prototype_folder_structure/HEAD/T1/VANILLA_T1/REGISTERED/SKULLS_OASIS/sub-OAS30073_ses-d0033_run-02_T1w.nii.gz,SKULLS_OASIS,T1
/mnt/wwn-0x5000c500cc8a8151/Prototype_folder_structure/HEAD/T1/VANILLA_T1/REGISTERED/SKULLS_OASIS/sub-OAS30814_ses-d0144_run-02_T1w.nii.gz,SKULLS_OASIS,T1
/mnt/wwn-0x5000c500cc8a8151/Prototype_folder_structure/HEAD/T1/VANILLA_T1/REGISTERED/SKULLS_OASIS/sub-OAS30663_ses-d0051_T1w.nii.gz,SKULLS_OASIS,T1
/mnt/wwn-0x5000c500cc8a8151/Prototype_folder_structure/HEAD/T1/VANILLA_T1/REGISTERED/SKULLS_OASIS/sub-OAS30614_ses-d1464_run-04_T1w.nii.gz,SKULLS_OASIS,T1
/mnt/wwn-0x5000c500cc8a8151/Prototype_folder_structure/HEAD/T1/VANILLA_T1/REGISTERED/SKULLS_OASIS/sub-OAS30014_ses-d1176_run-01_T1w.nii.gz,SKULLS_OASIS,T1
/mnt/wwn-0x5000c500cc8a8151/Prototype_folder_structure/HEAD/T1/VANILLA_T1/REGISTERED/SKULLS_OASIS/sub-OAS30224_ses-d0556_run-02_T1w.nii.gz,SKULLS_OASIS,T1
/mnt/wwn-0x5000c500cc8a8151/Prototype_folder_structure/HEAD/T1/VANILLA_T1/REGISTERED/SKULLS_OASIS/sub-OAS30896_ses-d1588_T1w.nii.gz,SKULLS_OASIS,T1
/mnt/wwn-0x5000c500cc8a8151/Prototype_folder_structure/HEAD/T1/VANILLA_T1/REGISTERED/SKULLS_OASIS/sub-OAS30224_ses-d0556_run-01_T1w.nii.gz,SKULLS_OASIS,T1
/mnt/wwn-0x5000c500cc8a8151/Prototype_folder_structure/HEAD/T1/VANILLA_T1/REGISTERED/SKULLS_OASIS/sub-OAS30452_ses-d0993_run-01_T1w.nii.gz,SKULLS_OASIS,Unknown
/mnt/wwn-0x5000c500cc8a8151/Prototype_folder_structure/HEAD/T1/VANILLA_T1/REGISTERED/SKULLS_OASIS/sub-OAS31092_ses-d1211_run-01_T1w.nii.gz,SKULLS_OASIS,T1
/mnt/wwn-0x5000c500cc8a8151/Prototype_folder_structure/HEAD/T1/VANILLA_T1/REGISTERED/SKULLS_OASIS/sub-OAS30479_ses-d0398_run-02_T1w.nii.gz,SKULLS_OASIS,T1
/mnt/wwn-0x5000c500cc8a8151/Prototype_folder_structure/HEAD/T1/VANILLA_T1/REGISTERED/SKULLS_OASIS/sub-OAS30048_ses-d3375_run-01_T1w.nii.gz,SKULLS_OASIS,T1
/mnt/wwn-0x5000c500cc8a8151/Prototype_folder_structure/HEAD/T1/VANILLA_T1/REGISTERED/SKULLS_OASIS/sub-OAS30073_ses-d0033_run-04_T1w.nii.gz,SKULLS_OASIS,T1
/mnt/wwn-0x5000c500cc8a8151/Prototype_folder_structure/HEAD/T1/VANILLA_T1/REGISTERED/SKULLS_OASIS/sub-OAS30869_ses-d2290_T1w.nii.gz,SKULLS_OASIS,T1
/mnt/wwn-0x5000c500cc8a8151/Prototype_folder_structure/HEAD/T1/VANILLA_T1/REGISTERED/SKULLS_OASIS/sub-OAS30249_ses-d0091_run-02_T1w.nii.gz,SKULLS_OASIS,Unknown
/mnt/wwn-0x5000c500cc8a8151/Prototype_folder_structure/HEAD/T1/VANILLA_T1/REGISTERED/SKULLS_OASIS/sub-OAS30214_ses-d4464_T1w.nii.gz,SKULLS_OASIS,T1
/mnt/wwn-0x5000c500cc8a8151/Prototype_folder_structure/HEAD/T1/VANILLA_T1/REGISTERED/SKULLS_OASIS/sub-OAS30842_ses-d0526_T1w.nii.gz,SKULLS_OASIS,T1
/mnt/wwn-0x5000c500cc8a8151/Prototype_folder_structure/HEAD/T1/VANILLA_T1/REGISTERED/SKULLS_OASIS/sub-OAS30851_ses-d0000_run-01_T1w.nii.gz,SKULLS_OASIS,T1
/mnt/wwn-0x5000c500cc8a8151/Prototype_folder_structure/HEAD/T1/VANILLA_T1/REGISTERED/SKULLS_OASIS/sub-OAS30073_ses-d0033_run-01_T1w.nii.gz,SKULLS_OASIS,T1
/mnt/wwn-0x5000c500cc8a8151/Prototype_folder_structure/HEAD/T1/VANILLA_T1/REGISTERED/SKULLS_OASIS/sub-OAS30274_ses-d3332_T1w.nii.gz,SKULLS_OASIS,T1
/mnt/wwn-0x5000c500cc8a8151/Prototype_folder_structure/HEAD/T1/VANILLA_T1/REGISTERED/SKULLS_OASIS/sub-OAS31167_ses-d0769_T1w.nii.gz,SKULLS_OASIS,T1
/mnt/wwn-0x5000c500cc8a8151/Prototype_folder_structure/HEAD/T1/VANILLA_T1/REGISTERED/SKULLS_OASIS/sub-OAS30407_ses-d1267_T1w.nii.gz,SKULLS_OASIS,T1
/mnt/wwn-0x5000c500cc8a8151/Prototype_folder_structure/HEAD/T1/VANILLA_T1/REGISTERED/SKULLS_OASIS/sub-OAS30403_ses-d2378_T1w.nii.gz,SKULLS_OASIS,T1
/mnt/wwn-0x5000c500cc8a8151/Prototype_folder_structure/HEAD/T1/VANILLA_T1/REGISTERED/SKULLS_OASIS/sub-OAS30096_ses-d0024_run-02_T1w.nii.gz,SKULLS_OASIS,T1
/mnt/wwn-0x5000c500cc8a8151/Prototype_folder_structure/HEAD/T1/VANILLA_T1/REGISTERED/SKULLS_OASIS/sub-OAS31114_ses-d1442_run-01_T1w.nii.gz,SKULLS_OASIS,T1
/mnt/wwn-0x5000c500cc8a8151/Prototype_folder_structure/HEAD/T1/VANILLA_T1/REGISTERED/SKULLS_OASIS/sub-OAS30825_ses-d3430_run-01_T1w.nii.gz,SKULLS_OASIS,T1
/mnt/wwn-0x5000c500cc8a8151/Prototype_folder_structure/HEAD/T1/VANILLA_T1/REGISTERED/SKULLS_OASIS/sub-OAS30678_ses-d0093_run-02_T1w.nii.gz,SKULLS_OASIS,T1
/mnt/wwn-0x5000c500cc8a8151/Prototype_folder_structure/HEAD/T1/VANILLA_T1/REGISTERED/SKULLS_OASIS/sub-OAS30804_ses-d0086_T1w.nii.gz,SKULLS_OASIS,T1
/mnt/wwn-0x5000c500cc8a8151/Prototype_folder_structure/HEAD/T1/VANILLA_T1/REGISTERED/SKULLS_OASIS/sub-OAS30484_ses-d0040_T1w.nii.gz,SKULLS_OASIS,T1
/mnt/wwn-0x5000c500cc8a8151/Prototype_folder_structure/HEAD/T1/VANILLA_T1/REGISTERED/SKULLS_OASIS/sub-OAS30295_ses-d0611_run-01_T1w.nii.gz,SKULLS_OASIS,T1
/mnt/wwn-0x5000c500cc8a8151/Prototype_folder_structure/HEAD/T1/VANILLA_T1/REGISTERED/SKULLS_OASIS/sub-OAS30899_ses-d0070_run-02_T1w.nii.gz,SKULLS_OASIS,T1
/mnt/wwn-0x5000c500cc8a8151/Prototype_folder_structure/HEAD/T1/VANILLA_T1/REGISTERED/SKULLS_OASIS/sub-OAS31142_ses-d2109_T1w.nii.gz,SKULLS_OASIS,T1
/mnt/wwn-0x5000c500cc8a8151/Prototype_folder_structure/HEAD/T1/VANILLA_T1/REGISTERED/SKULLS_OASIS/sub-OAS30606_ses-d0360_run-01_T1w.nii.gz,SKULLS_OASIS,T1
/mnt/wwn-0x5000c500cc8a8151/Prototype_folder_structure/HEAD/T1/VANILLA_T1/REGISTERED/SKULLS_OASIS/sub-OAS30673_ses-d2417_run-01_T1w.nii.gz,SKULLS_OASIS,T1
/mnt/wwn-0x5000c500cc8a8151/Prototype_folder_structure/HEAD/T1/VANILLA_T1/REGISTERED/SKULLS_OASIS/sub-OAS31132_ses-d4297_run-01_T1w.nii.gz,SKULLS_OASIS,T1
/mnt/wwn-0x5000c500cc8a8151/Prototype_folder_structure/HEAD/T1/VANILLA_T1/REGISTERED/SKULLS_OASIS/sub-OAS30206_ses-d1036_run-02_T1w.nii.gz,SKULLS_OASIS,T1
/mnt/wwn-0x5000c500cc8a8151/Prototype_folder_structure/HEAD/T1/VANILLA_T1/REGISTERED/SKULLS_OASIS/sub-OAS30483_ses-d0020_run-01_T1w.nii.gz,SKULLS_OASIS,T1
/mnt/wwn-0x5000c500cc8a8151/Prototype_folder_structure/HEAD/T1/VANILLA_T1/REGISTERED/SKULLS_OASIS/sub-OAS30247_ses-d0168_run-01_T1w.nii.gz,SKULLS_OASIS,T1
/mnt/wwn-0x5000c500cc8a8151/Prototype_folder_structure/HEAD/T1/VANILLA_T1/REGISTERED/SKULLS_OASIS/sub-OAS31120_ses-d0119_T1w.nii.gz,SKULLS_OASIS,T1
/mnt/wwn-0x5000c500cc8a8151/Prototype_folder_structure/HEAD/T1/VANILLA_T1/REGISTERED/SKULLS_OASIS/sub-OAS31158_ses-d0029_run-02_T1w.nii.gz,SKULLS_OASIS,T1
/mnt/wwn-0x5000c500cc8a8151/Prototype_folder_structure/HEAD/T1/VANILLA_T1/REGISTERED/SKULLS_OASIS/sub-OAS30259_ses-d0679_run-02_T1w.nii.gz,SKULLS_OASIS,Unknown
/mnt/wwn-0x5000c500cc8a8151/Prototype_folder_structure/HEAD/T1/VANILLA_T1/REGISTERED/SKULLS_OASIS/sub-OAS31143_ses-d0109_run-02_T1w.nii.gz,SKULLS_OASIS,T1
/mnt/wwn-0x5000c500cc8a8151/Prototype_folder_structure/HEAD/T1/VANILLA_T1/REGISTERED/SKULLS_OASIS/sub-OAS30263_ses-d0970_run-02_T1w.nii.gz,SKULLS_OASIS,T1
/mnt/wwn-0x5000c500cc8a8151/Prototype_folder_structure/HEAD/T1/VANILLA_T1/REGISTERED/SKULLS_OASIS/sub-OAS31142_ses-d0889_run-01_T1w.nii.gz,SKULLS_OASIS,T1
/mnt/wwn-0x5000c500cc8a8151/Prototype_folder_structure/HEAD/T1/VANILLA_T1/REGISTERED/SKULLS_OASIS/sub-OAS30221_ses-d1143_T1w.nii.gz,SKULLS_OASIS,T1
/mnt/wwn-0x5000c500cc8a8151/Prototype_folder_structure/HEAD/T1/VANILLA_T1/REGISTERED/SKULLS_OASIS/sub-OAS30647_ses-d0232_T1w.nii.gz,SKULLS_OASIS,T1
/mnt/wwn-0x5000c500cc8a8151/Prototype_folder_structure/HEAD/T1/VANILLA_T1/REGISTERED/SKULLS_OASIS/sub-OAS30699_ses-d0108_run-03_T1w.nii.gz,SKULLS_OASIS,Unknown
/mnt/wwn-0x5000c500cc8a8151/Prototype_folder_structure/HEAD/T1/VANILLA_T1/REGISTERED/SKULLS_OASIS/sub-OAS30461_ses-d0198_run-02_T1w.nii.gz,SKULLS_OASIS,T1
/mnt/wwn-0x5000c500cc8a8151/Prototype_folder_structure/HEAD/T1/VANILLA_T1/REGISTERED/SKULLS_OASIS/sub-OAS30234_ses-d1119_run-03_T1w.nii.gz,SKULLS_OASIS,Unknown
/mnt/wwn-0x5000c500cc8a8151/Prototype_folder_structure/HEAD/T1/VANILLA_T1/REGISTERED/SKULLS_OASIS/sub-OAS30244_ses-d1526_T1w.nii.gz,SKULLS_OASIS,T1
/mnt/wwn-0x5000c500cc8a8151/Prototype_folder_structure/HEAD/T1/VANILLA_T1/REGISTERED/SKULLS_OASIS/sub-OAS30297_ses-d1712_run-01_T1w.nii.gz,SKULLS_OASIS,T1
/mnt/wwn-0x5000c500cc8a8151/Prototype_folder_structure/HEAD/T1/VANILLA_T1/REGISTERED/SKULLS_OASIS/sub-OAS30869_ses-d0077_run-02_T1w.nii.gz,SKULLS_OASIS,T1
/mnt/wwn-0x5000c500cc8a8151/Prototype_folder_structure/HEAD/T1/VANILLA_T1/REGISTERED/SKULLS_OASIS/sub-OAS30464_ses-d2445_T1w.nii.gz,SKULLS_OASIS,T1
/mnt/wwn-0x5000c500cc8a8151/Prototype_folder_structure/HEAD/T1/VANILLA_T1/REGISTERED/SKULLS_OASIS/sub-OAS30259_ses-d0679_run-01_T1w.nii.gz,SKULLS_OASIS,Unknown
/mnt/wwn-0x5000c500cc8a8151/Prototype_folder_structure/HEAD/T1/VANILLA_T1/REGISTERED/SKULLS_OASIS/sub-OAS30810_ses-d1351_T1w.nii.gz,SKULLS_OASIS,T1
/mnt/wwn-0x5000c500cc8a8151/Prototype_folder_structure/HEAD/T1/VANILLA_T1/REGISTERED/SKULLS_OASIS/sub-OAS30414_ses-d1175_run-02_T1w.nii.gz,SKULLS_OASIS,T1
/mnt/wwn-0x5000c500cc8a8151/Prototype_folder_structure/HEAD/T1/VANILLA_T1/REGISTERED/SKULLS_OASIS/sub-OAS30683_ses-d0051_run-02_T1w.nii.gz,SKULLS_OASIS,T1
/mnt/wwn-0x5000c500cc8a8151/Prototype_folder_structure/HEAD/T1/VANILLA_T1/REGISTERED/SKULLS_OASIS/sub-OAS31092_ses-d0203_run-02_T1w.nii.gz,SKULLS_OASIS,T1
/mnt/wwn-0x5000c500cc8a8151/Prototype_folder_structure/HEAD/T1/VANILLA_T1/REGISTERED/SKULLS_OASIS/sub-OAS30405_ses-d1883_T1w.nii.gz,SKULLS_OASIS,T1
/mnt/wwn-0x5000c500cc8a8151/Prototype_folder_structure/HEAD/T1/VANILLA_T1/REGISTERED/SKULLS_OASIS/sub-OAS30059_ses-d0230_run-01_T1w.nii.gz,SKULLS_OASIS,Unknown
/mnt/wwn-0x5000c500cc8a8151/Prototype_folder_structure/HEAD/T1/VANILLA_T1/REGISTERED/SKULLS_OASIS/sub-OAS30406_ses-d0084_run-01_T1w.nii.gz,SKULLS_OASIS,T1
/mnt/wwn-0x5000c500cc8a8151/Prototype_folder_structure/HEAD/T1/VANILLA_T1/REGISTERED/SKULLS_OASIS/sub-OAS30619_ses-d2640_run-02_T1w.nii.gz,SKULLS_OASIS,T1
/mnt/wwn-0x5000c500cc8a8151/Prototype_folder_structure/HEAD/T1/VANILLA_T1/REGISTERED/SKULLS_OASIS/sub-OAS30052_ses-d2709_T1w.nii.gz,SKULLS_OASIS,T1
/mnt/wwn-0x5000c500cc8a8151/Prototype_folder_structure/HEAD/T1/VANILLA_T1/REGISTERED/SKULLS_OASIS/sub-OAS30825_ses-d5535_run-02_T1w.nii.gz,SKULLS_OASIS,T1
/mnt/wwn-0x5000c500cc8a8151/Prototype_folder_structure/HEAD/T1/VANILLA_T1/REGISTERED/SKULLS_OASIS/sub-OAS30691_ses-d0056_T1w.nii.gz,SKULLS_OASIS,T1
/mnt/wwn-0x5000c500cc8a8151/Prototype_folder_structure/HEAD/T1/VANILLA_T1/REGISTERED/SKULLS_OASIS/sub-OAS30602_ses-d2442_run-02_T1w.nii.gz,SKULLS_OASIS,T1
/mnt/wwn-0x5000c500cc8a8151/Prototype_folder_structure/HEAD/T1/VANILLA_T1/REGISTERED/SKULLS_OASIS/sub-OAS30015_ses-d1374_run-02_T1w.nii.gz,SKULLS_OASIS,T1
/mnt/wwn-0x5000c500cc8a8151/Prototype_folder_structure/HEAD/T1/VANILLA_T1/REGISTERED/SKULLS_OASIS/sub-OAS31133_ses-d0000_run-01_T1w.nii.gz,SKULLS_OASIS,T1
/mnt/wwn-0x5000c500cc8a8151/Prototype_folder_structure/HEAD/T1/VANILLA_T1/REGISTERED/SKULLS_OASIS/sub-OAS30881_ses-d2593_T1w.nii.gz,SKULLS_OASIS,T1
/mnt/wwn-0x5000c500cc8a8151/Prototype_folder_structure/HEAD/T1/VANILLA_T1/REGISTERED/SKULLS_OASIS/sub-OAS30827_ses-d0043_run-02_T1w.nii.gz,SKULLS_OASIS,T1
/mnt/wwn-0x5000c500cc8a8151/Prototype_folder_structure/HEAD/T1/VANILLA_T1/REGISTERED/SKULLS_OASIS/sub-OAS30667_ses-d0888_T1w.nii.gz,SKULLS_OASIS,T1
/mnt/wwn-0x5000c500cc8a8151/Prototype_folder_structure/HEAD/T1/VANILLA_T1/REGISTERED/SKULLS_OASIS/sub-OAS30671_ses-d0267_run-02_T1w.nii.gz,SKULLS_OASIS,T1
/mnt/wwn-0x5000c500cc8a8151/Prototype_folder_structure/HEAD/T1/VANILLA_T1/REGISTERED/SKULLS_OASIS/sub-OAS30007_ses-d1981_T1w.nii.gz,SKULLS_OASIS,T1
/mnt/wwn-0x5000c500cc8a8151/Prototype_folder_structure/HEAD/T1/VANILLA_T1/REGISTERED/SKULLS_OASIS/sub-OAS30005_ses-d0581_run-02_T1w.nii.gz,SKULLS_OASIS,T1
/mnt/wwn-0x5000c500cc8a8151/Prototype_folder_structure/HEAD/T1/VANILLA_T1/REGISTERED/SKULLS_OASIS/sub-OAS30442_ses-d0903_T1w.nii.gz,SKULLS_OASIS,T1
/mnt/wwn-0x5000c500cc8a8151/Prototype_folder_structure/HEAD/T1/VANILLA_T1/REGISTERED/SKULLS_OASIS/sub-OAS30413_ses-d0561_run-01_T1w.nii.gz,SKULLS_OASIS,T1
/mnt/wwn-0x5000c500cc8a8151/Prototype_folder_structure/HEAD/T1/VANILLA_T1/REGISTERED/SKULLS_OASIS/sub-OAS30240_ses-d3843_T1w.nii.gz,SKULLS_OASIS,T1
/mnt/wwn-0x5000c500cc8a8151/Prototype_folder_structure/HEAD/T1/VANILLA_T1/REGISTERED/SKULLS_OASIS/sub-OAS30430_ses-d0909_T1w.nii.gz,SKULLS_OASIS,T1
/mnt/wwn-0x5000c500cc8a8151/Prototype_folder_structure/HEAD/T1/VANILLA_T1/REGISTERED/SKULLS_OASIS/sub-OAS30459_ses-d0078_run-03_T1w.nii.gz,SKULLS_OASIS,Unknown
/mnt/wwn-0x5000c500cc8a8151/Prototype_folder_structure/HEAD/T1/VANILLA_T1/REGISTERED/SKULLS_OASIS/sub-OAS30249_ses-d1952_run-01_T1w.nii.gz,SKULLS_OASIS,T1
/mnt/wwn-0x5000c500cc8a8151/Prototype_folder_structure/HEAD/T1/VANILLA_T1/REGISTERED/SKULLS_OASIS/sub-OAS31091_ses-d3949_run-02_T1w.nii.gz,SKULLS_OASIS,T1
/mnt/wwn-0x5000c500cc8a8151/Prototype_folder_structure/HEAD/T1/VANILLA_T1/REGISTERED/SKULLS_OASIS/sub-OAS30655_ses-d0092_T1w.nii.gz,SKULLS_OASIS,T1
/mnt/wwn-0x5000c500cc8a8151/Prototype_folder_structure/HEAD/T1/VANILLA_T1/REGISTERED/SKULLS_OASIS/sub-OAS30490_ses-d1162_run-01_T1w.nii.gz,SKULLS_OASIS,T1
/mnt/wwn-0x5000c500cc8a8151/Prototype_folder_structure/HEAD/T1/VANILLA_T1/REGISTERED/SKULLS_OASIS/sub-OAS31136_ses-d0156_T1w.nii.gz,SKULLS_OASIS,T1
/mnt/wwn-0x5000c500cc8a8151/Prototype_folder_structure/HEAD/T1/VANILLA_T1/REGISTERED/SKULLS_OASIS/sub-OAS31092_ses-d3113_T1w.nii.gz,SKULLS_OASIS,T1
/mnt/wwn-0x5000c500cc8a8151/Prototype_folder_structure/HEAD/T1/VANILLA_T1/REGISTERED/SKULLS_OASIS/sub-OAS30223_ses-d0455_run-02_T1w.nii.gz,SKULLS_OASIS,T1
/mnt/wwn-0x5000c500cc8a8151/Prototype_folder_structure/HEAD/T1/VANILLA_T1/REGISTERED/SKULLS_OASIS/sub-OAS30651_ses-d1833_T1w.nii.gz,SKULLS_OASIS,T1
/mnt/wwn-0x5000c500cc8a8151/Prototype_folder_structure/HEAD/T1/VANILLA_T1/REGISTERED/SKULLS_OASIS/sub-OAS30804_ses-d0507_T1w.nii.gz,SKULLS_OASIS,T1
/mnt/wwn-0x5000c500cc8a8151/Prototype_folder_structure/HEAD/T1/VANILLA_T1/REGISTERED/SKULLS_OASIS/sub-OAS30075_ses-d0143_T1w.nii.gz,SKULLS_OASIS,T1
/mnt/wwn-0x5000c500cc8a8151/Prototype_folder_structure/HEAD/T1/VANILLA_T1/REGISTERED/SKULLS_OASIS/sub-OAS30654_ses-d0079_run-01_T1w.nii.gz,SKULLS_OASIS,T1
/mnt/wwn-0x5000c500cc8a8151/Prototype_folder_structure/HEAD/T1/VANILLA_T1/REGISTERED/SKULLS_OASIS/sub-OAS31092_ses-d0203_run-03_T1w.nii.gz,SKULLS_OASIS,T1
/mnt/wwn-0x5000c500cc8a8151/Prototype_folder_structure/HEAD/T1/VANILLA_T1/REGISTERED/SKULLS_OASIS/sub-OAS30083_ses-d0465_run-02_T1w.nii.gz,SKULLS_OASIS,T1
/mnt/wwn-0x5000c500cc8a8151/Prototype_folder_structure/HEAD/T1/VANILLA_T1/REGISTERED/SKULLS_OASIS/sub-OAS30817_ses-d0236_run-01_T1w.nii.gz,SKULLS_OASIS,T1
/mnt/wwn-0x5000c500cc8a8151/Prototype_folder_structure/HEAD/T1/VANILLA_T1/REGISTERED/SKULLS_OASIS/sub-OAS30675_ses-d7433_run-03_T1w.nii.gz,SKULLS_OASIS,T1
/mnt/wwn-0x5000c500cc8a8151/Prototype_folder_structure/HEAD/T1/VANILLA_T1/REGISTERED/SKULLS_OASIS/sub-OAS30030_ses-d0170_T1w.nii.gz,SKULLS_OASIS,T1
/mnt/wwn-0x5000c500cc8a8151/Prototype_folder_structure/HEAD/T1/VANILLA_T1/REGISTERED/SKULLS_OASIS/sub-OAS30056_ses-d3491_T1w.nii.gz,SKULLS_OASIS,T1
/mnt/wwn-0x5000c500cc8a8151/Prototype_folder_structure/HEAD/T1/VANILLA_T1/REGISTERED/SKULLS_OASIS/sub-OAS30237_ses-d2478_run-02_T1w.nii.gz,SKULLS_OASIS,T1
/mnt/wwn-0x5000c500cc8a8151/Prototype_folder_structure/HEAD/T1/VANILLA_T1/REGISTERED/SKULLS_OASIS/sub-OAS30852_ses-d3983_run-02_T1w.nii.gz,SKULLS_OASIS,T1
/mnt/wwn-0x5000c500cc8a8151/Prototype_folder_structure/HEAD/T1/VANILLA_T1/REGISTERED/SKULLS_OASIS/sub-OAS30673_ses-d2417_run-02_T1w.nii.gz,SKULLS_OASIS,T1
/mnt/wwn-0x5000c500cc8a8151/Prototype_folder_structure/HEAD/T1/VANILLA_T1/REGISTERED/SKULLS_OASIS/sub-OAS30420_ses-d2792_run-03_T1w.nii.gz,SKULLS_OASIS,T1
/mnt/wwn-0x5000c500cc8a8151/Prototype_folder_structure/HEAD/T1/VANILLA_T1/REGISTERED/SKULLS_OASIS/sub-OAS30003_ses-d3320_T1w.nii.gz,SKULLS_OASIS,T1
/mnt/wwn-0x5000c500cc8a8151/Prototype_folder_structure/HEAD/T1/VANILLA_T1/REGISTERED/SKULLS_OASIS/sub-OAS31128_ses-d0673_run-01_T1w.nii.gz,SKULLS_OASIS,T1
/mnt/wwn-0x5000c500cc8a8151/Prototype_folder_structure/HEAD/T1/VANILLA_T1/REGISTERED/SKULLS_OASIS/sub-OAS30233_ses-d3867_T1w.nii.gz,SKULLS_OASIS,T1
/mnt/wwn-0x5000c500cc8a8151/Prototype_folder_structure/HEAD/T1/VANILLA_T1/REGISTERED/SKULLS_OASIS/sub-OAS30204_ses-d0020_T1w.nii.gz,SKULLS_OASIS,T1
/mnt/wwn-0x5000c500cc8a8151/Prototype_folder_structure/HEAD/T1/VANILLA_T1/REGISTERED/SKULLS_OASIS/sub-OAS31109_ses-d0000_run-03_T1w.nii.gz,SKULLS_OASIS,Unknown
/mnt/wwn-0x5000c500cc8a8151/Prototype_folder_structure/HEAD/T1/VANILLA_T1/REGISTERED/SKULLS_OASIS/sub-OAS30852_ses-d3014_run-01_T1w.nii.gz,SKULLS_OASIS,Unknown
/mnt/wwn-0x5000c500cc8a8151/Prototype_folder_structure/HEAD/T1/VANILLA_T1/REGISTERED/SKULLS_OASIS/sub-OAS30857_ses-d0058_run-01_T1w.nii.gz,SKULLS_OASIS,T1
/mnt/wwn-0x5000c500cc8a8151/Prototype_folder_structure/HEAD/T1/VANILLA_T1/REGISTERED/SKULLS_OASIS/sub-OAS30657_ses-d0072_run-01_T1w.nii.gz,SKULLS_OASIS,T1
/mnt/wwn-0x5000c500cc8a8151/Prototype_folder_structure/HEAD/T1/VANILLA_T1/REGISTERED/SKULLS_OASIS/sub-OAS30034_ses-d0044_T1w.nii.gz,SKULLS_OASIS,T1
/mnt/wwn-0x5000c500cc8a8151/Prototype_folder_structure/HEAD/T1/VANILLA_T1/REGISTERED/SKULLS_OASIS/sub-OAS30063_ses-d0160_run-02_T1w.nii.gz,SKULLS_OASIS,T1
/mnt/wwn-0x5000c500cc8a8151/Prototype_folder_structure/HEAD/T1/VANILLA_T1/REGISTERED/SKULLS_OASIS/sub-OAS30829_ses-d7552_run-01_T1w.nii.gz,SKULLS_OASIS,T1
/mnt/wwn-0x5000c500cc8a8151/Prototype_folder_structure/HEAD/T1/VANILLA_T1/REGISTERED/SKULLS_OASIS/sub-OAS31172_ses-d0407_run-01_T1w.nii.gz,SKULLS_OASIS,T1
/mnt/wwn-0x5000c500cc8a8151/Prototype_folder_structure/HEAD/T1/VANILLA_T1/REGISTERED/SKULLS_OASIS/sub-OAS30264_ses-d0466_T1w.nii.gz,SKULLS_OASIS,T1
/mnt/wwn-0x5000c500cc8a8151/Prototype_folder_structure/HEAD/T1/VANILLA_T1/REGISTERED/SKULLS_OASIS/sub-OAS30202_ses-d0175_run-01_T1w.nii.gz,SKULLS_OASIS,T1
/mnt/wwn-0x5000c500cc8a8151/Prototype_folder_structure/HEAD/T1/VANILLA_T1/REGISTERED/SKULLS_OASIS/sub-OAS30075_ses-d0148_run-02_T1w.nii.gz,SKULLS_OASIS,T1
/mnt/wwn-0x5000c500cc8a8151/Prototype_folder_structure/HEAD/T1/VANILLA_T1/REGISTERED/SKULLS_OASIS/sub-OAS30414_ses-d0363_T1w.nii.gz,SKULLS_OASIS,T1
/mnt/wwn-0x5000c500cc8a8151/Prototype_folder_structure/HEAD/T1/VANILLA_T1/REGISTERED/SKULLS_OASIS/sub-OAS30652_ses-d0778_run-01_T1w.nii.gz,SKULLS_OASIS,T1
/mnt/wwn-0x5000c500cc8a8151/Prototype_folder_structure/HEAD/T1/VANILLA_T1/REGISTERED/SKULLS_OASIS/sub-OAS30052_ses-d0693_run-02_T1w.nii.gz,SKULLS_OASIS,T1
/mnt/wwn-0x5000c500cc8a8151/Prototype_folder_structure/HEAD/T1/VANILLA_T1/REGISTERED/SKULLS_OASIS/sub-OAS30022_ses-d1324_run-01_T1w.nii.gz,SKULLS_OASIS,T1
/mnt/wwn-0x5000c500cc8a8151/Prototype_folder_structure/HEAD/T1/VANILLA_T1/REGISTERED/SKULLS_OASIS/sub-OAS30883_ses-d0282_run-02_T1w.nii.gz,SKULLS_OASIS,T1
/mnt/wwn-0x5000c500cc8a8151/Prototype_folder_structure/HEAD/T1/VANILLA_T1/REGISTERED/SKULLS_OASIS/sub-OAS30841_ses-d3499_T1w.nii.gz,SKULLS_OASIS,T1
/mnt/wwn-0x5000c500cc8a8151/Prototype_folder_structure/HEAD/T1/VANILLA_T1/REGISTERED/SKULLS_OASIS/sub-OAS31132_ses-d4297_run-02_T1w.nii.gz,SKULLS_OASIS,T1
/mnt/wwn-0x5000c500cc8a8151/Prototype_folder_structure/HEAD/T1/VANILLA_T1/REGISTERED/SKULLS_OASIS/sub-OAS30699_ses-d0108_run-01_T1w.nii.gz,SKULLS_OASIS,Unknown
/mnt/wwn-0x5000c500cc8a8151/Prototype_folder_structure/HEAD/T1/VANILLA_T1/REGISTERED/SKULLS_OASIS/sub-OAS30007_ses-d0061_run-01_T1w.nii.gz,SKULLS_OASIS,T1
/mnt/wwn-0x5000c500cc8a8151/Prototype_folder_structure/HEAD/T1/VANILLA_T1/REGISTERED/SKULLS_OASIS/sub-OAS31100_ses-d7350_run-02_T1w.nii.gz,SKULLS_OASIS,T1
/mnt/wwn-0x5000c500cc8a8151/Prototype_folder_structure/HEAD/T1/VANILLA_T1/REGISTERED/SKULLS_OASIS/sub-OAS30207_ses-d0346_run-02_T1w.nii.gz,SKULLS_OASIS,T1
/mnt/wwn-0x5000c500cc8a8151/Prototype_folder_structure/HEAD/T1/VANILLA_T1/REGISTERED/SKULLS_OASIS/sub-OAS30884_ses-d2400_run-01_T1w.nii.gz,SKULLS_OASIS,T1
/mnt/wwn-0x5000c500cc8a8151/Prototype_folder_structure/HEAD/T1/VANILLA_T1/REGISTERED/SKULLS_OASIS/sub-OAS30237_ses-d1353_run-02_T1w.nii.gz,SKULLS_OASIS,Unknown
/mnt/wwn-0x5000c500cc8a8151/Prototype_folder_structure/HEAD/T1/VANILLA_T1/REGISTERED/SKULLS_OASIS/sub-OAS30212_ses-d0091_run-01_T1w.nii.gz,SKULLS_OASIS,T1
/mnt/wwn-0x5000c500cc8a8151/Prototype_folder_structure/HEAD/T1/VANILLA_T1/REGISTERED/SKULLS_OASIS/sub-OAS30204_ses-d0033_run-01_T1w.nii.gz,SKULLS_OASIS,T1
/mnt/wwn-0x5000c500cc8a8151/Prototype_folder_structure/HEAD/T1/VANILLA_T1/REGISTERED/SKULLS_OASIS/sub-OAS30812_ses-d0055_T1w.nii.gz,SKULLS_OASIS,T1
/mnt/wwn-0x5000c500cc8a8151/Prototype_folder_structure/HEAD/T1/VANILLA_T1/REGISTERED/SKULLS_OASIS/sub-OAS31139_ses-d1568_T1w.nii.gz,SKULLS_OASIS,T1
/mnt/wwn-0x5000c500cc8a8151/Prototype_folder_structure/HEAD/T1/VANILLA_T1/REGISTERED/SKULLS_OASIS/sub-OAS30662_ses-d3095_run-01_T1w.nii.gz,SKULLS_OASIS,T1
/mnt/wwn-0x5000c500cc8a8151/Prototype_folder_structure/HEAD/T1/VANILLA_T1/REGISTERED/SKULLS_OASIS/sub-OAS30256_ses-d3588_T1w.nii.gz,SKULLS_OASIS,T1
/mnt/wwn-0x5000c500cc8a8151/Prototype_folder_structure/HEAD/T1/VANILLA_T1/REGISTERED/SKULLS_OASIS/sub-OAS30242_ses-d0137_T1w.nii.gz,SKULLS_OASIS,T1
/mnt/wwn-0x5000c500cc8a8151/Prototype_folder_structure/HEAD/T1/VANILLA_T1/REGISTERED/SKULLS_OASIS/sub-OAS30074_ses-d1871_T1w.nii.gz,SKULLS_OASIS,T1
/mnt/wwn-0x5000c500cc8a8151/Prototype_folder_structure/HEAD/T1/VANILLA_T1/REGISTERED/SKULLS_OASIS/sub-OAS30005_ses-d1274_run-02_T1w.nii.gz,SKULLS_OASIS,T1
/mnt/wwn-0x5000c500cc8a8151/Prototype_folder_structure/HEAD/T1/VANILLA_T1/REGISTERED/SKULLS_OASIS/sub-OAS30698_ses-d1553_run-03_T1w.nii.gz,SKULLS_OASIS,Unknown
/mnt/wwn-0x5000c500cc8a8151/Prototype_folder_structure/HEAD/T1/VANILLA_T1/REGISTERED/SKULLS_OASIS/sub-OAS30452_ses-d0993_run-03_T1w.nii.gz,SKULLS_OASIS,Unknown
/mnt/wwn-0x5000c500cc8a8151/Prototype_folder_structure/HEAD/T1/VANILLA_T1/REGISTERED/SKULLS_OASIS/sub-OAS31127_ses-d0123_run-02_T1w.nii.gz,SKULLS_OASIS,T1
/mnt/wwn-0x5000c500cc8a8151/Prototype_folder_structure/HEAD/T1/VANILLA_T1/REGISTERED/SKULLS_OASIS/sub-OAS30266_ses-d0486_T1w.nii.gz,SKULLS_OASIS,T1
/mnt/wwn-0x5000c500cc8a8151/Prototype_folder_structure/HEAD/T1/VANILLA_T1/REGISTERED/SKULLS_OASIS/sub-OAS30444_ses-d0001_run-03_T1w.nii.gz,SKULLS_OASIS,Unknown
/mnt/wwn-0x5000c500cc8a8151/Prototype_folder_structure/HEAD/T1/VANILLA_T1/REGISTERED/SKULLS_OASIS/sub-OAS31158_ses-d0029_run-01_T1w.nii.gz,SKULLS_OASIS,T1
/mnt/wwn-0x5000c500cc8a8151/Prototype_folder_structure/HEAD/T1/VANILLA_T1/REGISTERED/SKULLS_OASIS/sub-OAS30227_ses-d0000_run-02_T1w.nii.gz,SKULLS_OASIS,T1
/mnt/wwn-0x5000c500cc8a8151/Prototype_folder_structure/HEAD/T1/VANILLA_T1/REGISTERED/SKULLS_OASIS/sub-OAS30863_ses-d0171_run-02_T1w.nii.gz,SKULLS_OASIS,Unknown
/mnt/wwn-0x5000c500cc8a8151/Prototype_folder_structure/HEAD/T1/VANILLA_T1/REGISTERED/SKULLS_OASIS/sub-OAS30816_ses-d0530_run-01_T1w.nii.gz,SKULLS_OASIS,T1
/mnt/wwn-0x5000c500cc8a8151/Prototype_folder_structure/HEAD/T1/VANILLA_T1/REGISTERED/SKULLS_OASIS/sub-OAS30473_ses-d0385_run-02_T1w.nii.gz,SKULLS_OASIS,T1
/mnt/wwn-0x5000c500cc8a8151/Prototype_folder_structure/HEAD/T1/VANILLA_T1/REGISTERED/SKULLS_OASIS/sub-OAS31161_ses-d0056_T1w.nii.gz,SKULLS_OASIS,T1
/mnt/wwn-0x5000c500cc8a8151/Prototype_folder_structure/HEAD/T1/VANILLA_T1/REGISTERED/SKULLS_OASIS/sub-OAS30449_ses-d0620_run-02_T1w.nii.gz,SKULLS_OASIS,T1
/mnt/wwn-0x5000c500cc8a8151/Prototype_folder_structure/HEAD/T1/VANILLA_T1/REGISTERED/SKULLS_OASIS/sub-OAS30823_ses-d1309_T1w.nii.gz,SKULLS_OASIS,T1
/mnt/wwn-0x5000c500cc8a8151/Prototype_folder_structure/HEAD/T1/VANILLA_T1/REGISTERED/SKULLS_OASIS/sub-OAS30223_ses-d1235_run-02_T1w.nii.gz,SKULLS_OASIS,T1
/mnt/wwn-0x5000c500cc8a8151/Prototype_folder_structure/HEAD/T1/VANILLA_T1/REGISTERED/SKULLS_OASIS/sub-OAS30059_ses-d0230_run-03_T1w.nii.gz,SKULLS_OASIS,Unknown
/mnt/wwn-0x5000c500cc8a8151/Prototype_folder_structure/HEAD/T1/VANILLA_T1/REGISTERED/SKULLS_OASIS/sub-OAS31135_ses-d0498_run-03_T1w.nii.gz,SKULLS_OASIS,T1
/mnt/wwn-0x5000c500cc8a8151/Prototype_folder_structure/HEAD/T1/VANILLA_T1/REGISTERED/SKULLS_OASIS/sub-OAS30677_ses-d0000_T1w.nii.gz,SKULLS_OASIS,T1
/mnt/wwn-0x5000c500cc8a8151/Prototype_folder_structure/HEAD/T1/VANILLA_T1/REGISTERED/SKULLS_OASIS/sub-OAS31157_ses-d4924_T1w.nii.gz,SKULLS_OASIS,T1
/mnt/wwn-0x5000c500cc8a8151/Prototype_folder_structure/HEAD/T1/VANILLA_T1/REGISTERED/SKULLS_OASIS/sub-OAS30601_ses-d0111_T1w.nii.gz,SKULLS_OASIS,T1
/mnt/wwn-0x5000c500cc8a8151/Prototype_folder_structure/HEAD/T1/VANILLA_T1/REGISTERED/SKULLS_OASIS/sub-OAS30257_ses-d0610_run-02_T1w.nii.gz,SKULLS_OASIS,T1
/mnt/wwn-0x5000c500cc8a8151/Prototype_folder_structure/HEAD/T1/VANILLA_T1/REGISTERED/SKULLS_OASIS/sub-OAS30614_ses-d1464_run-01_T1w.nii.gz,SKULLS_OASIS,Unknown
/mnt/wwn-0x5000c500cc8a8151/Prototype_folder_structure/HEAD/T1/VANILLA_T1/REGISTERED/SKULLS_OASIS/sub-OAS30028_ses-d1847_T1w.nii.gz,SKULLS_OASIS,T1
/mnt/wwn-0x5000c500cc8a8151/Prototype_folder_structure/HEAD/T1/VANILLA_T1/REGISTERED/SKULLS_OASIS/sub-OAS30020_ses-d0911_run-02_T1w.nii.gz,SKULLS_OASIS,Unknown
/mnt/wwn-0x5000c500cc8a8151/Prototype_folder_structure/HEAD/T1/VANILLA_T1/REGISTERED/SKULLS_OASIS/sub-OAS31132_ses-d3576_run-01_T1w.nii.gz,SKULLS_OASIS,T1
/mnt/wwn-0x5000c500cc8a8151/Prototype_folder_structure/HEAD/T1/VANILLA_T1/REGISTERED/SKULLS_OASIS/sub-OAS30044_ses-d0061_run-02_T1w.nii.gz,SKULLS_OASIS,T1
/mnt/wwn-0x5000c500cc8a8151/Prototype_folder_structure/HEAD/T1/VANILLA_T1/REGISTERED/SKULLS_OASIS/sub-OAS31171_ses-d0752_T1w.nii.gz,SKULLS_OASIS,T1
/mnt/wwn-0x5000c500cc8a8151/Prototype_folder_structure/HEAD/T1/VANILLA_T1/REGISTERED/SKULLS_OASIS/sub-OAS30088_ses-d0093_run-01_T1w.nii.gz,SKULLS_OASIS,T1
/mnt/wwn-0x5000c500cc8a8151/Prototype_folder_structure/HEAD/T1/VANILLA_T1/REGISTERED/SKULLS_OASIS/sub-OAS30484_ses-d0056_run-01_T1w.nii.gz,SKULLS_OASIS,T1
/mnt/wwn-0x5000c500cc8a8151/Prototype_folder_structure/HEAD/T1/VANILLA_T1/REGISTERED/SKULLS_OASIS/sub-OAS30422_ses-d0104_T1w.nii.gz,SKULLS_OASIS,T1
/mnt/wwn-0x5000c500cc8a8151/Prototype_folder_structure/HEAD/T1/VANILLA_T1/REGISTERED/SKULLS_OASIS/sub-OAS30020_ses-d0092_run-02_T1w.nii.gz,SKULLS_OASIS,Unknown
/mnt/wwn-0x5000c500cc8a8151/Prototype_folder_structure/HEAD/T1/VANILLA_T1/REGISTERED/SKULLS_OASIS/sub-OAS30829_ses-d5823_run-01_T1w.nii.gz,SKULLS_OASIS,Unknown
/mnt/wwn-0x5000c500cc8a8151/Prototype_folder_structure/HEAD/T1/VANILLA_T1/REGISTERED/SKULLS_OASIS/sub-OAS31103_ses-d0170_run-01_T1w.nii.gz,SKULLS_OASIS,Unknown
/mnt/wwn-0x5000c500cc8a8151/Prototype_folder_structure/HEAD/T1/VANILLA_T1/REGISTERED/SKULLS_OASIS/sub-OAS30222_ses-d1000_run-02_T1w.nii.gz,SKULLS_OASIS,T1
/mnt/wwn-0x5000c500cc8a8151/Prototype_folder_structure/HEAD/T1/VANILLA_T1/REGISTERED/SKULLS_OASIS/sub-OAS30863_ses-d0171_run-03_T1w.nii.gz,SKULLS_OASIS,Unknown
/mnt/wwn-0x5000c500cc8a8151/Prototype_folder_structure/HEAD/T1/VANILLA_T1/REGISTERED/SKULLS_OASIS/sub-OAS30073_ses-d2042_run-02_T1w.nii.gz,SKULLS_OASIS,T1
/mnt/wwn-0x5000c500cc8a8151/Prototype_folder_structure/HEAD/T1/VANILLA_T1/REGISTERED/SKULLS_OASIS/sub-OAS30275_ses-d1006_run-02_T1w.nii.gz,SKULLS_OASIS,T1
/mnt/wwn-0x5000c500cc8a8151/Prototype_folder_structure/HEAD/T1/VANILLA_T1/REGISTERED/SKULLS_OASIS/sub-OAS30012_ses-d0124_run-02_T1w.nii.gz,SKULLS_OASIS,T1
/mnt/wwn-0x5000c500cc8a8151/Prototype_folder_structure/HEAD/T1/VANILLA_T1/REGISTERED/SKULLS_OASIS/sub-OAS30020_ses-d0092_run-04_T1w.nii.gz,SKULLS_OASIS,Unknown
/mnt/wwn-0x5000c500cc8a8151/Prototype_folder_structure/HEAD/T1/VANILLA_T1/REGISTERED/SKULLS_OASIS/sub-OAS30076_ses-d1735_T1w.nii.gz,SKULLS_OASIS,T1
/mnt/wwn-0x5000c500cc8a8151/Prototype_folder_structure/HEAD/T1/VANILLA_T1/REGISTERED/SKULLS_OASIS/sub-OAS30443_ses-d1480_T1w.nii.gz,SKULLS_OASIS,T1
/mnt/wwn-0x5000c500cc8a8151/Prototype_folder_structure/HEAD/T1/VANILLA_T1/REGISTERED/SKULLS_OASIS/sub-OAS30262_ses-d0839_T1w.nii.gz,SKULLS_OASIS,T1
/mnt/wwn-0x5000c500cc8a8151/Prototype_folder_structure/HEAD/T1/VANILLA_T1/REGISTERED/SKULLS_OASIS/sub-OAS31114_ses-d2658_run-02_T1w.nii.gz,SKULLS_OASIS,T1
/mnt/wwn-0x5000c500cc8a8151/Prototype_folder_structure/HEAD/T1/VANILLA_T1/REGISTERED/SKULLS_OASIS/sub-OAS30240_ses-d0865_run-02_T1w.nii.gz,SKULLS_OASIS,Unknown
/mnt/wwn-0x5000c500cc8a8151/Prototype_folder_structure/HEAD/T1/VANILLA_T1/REGISTERED/SKULLS_OASIS/sub-OAS30033_ses-d1267_T1w.nii.gz,SKULLS_OASIS,T1
/mnt/wwn-0x5000c500cc8a8151/Prototype_folder_structure/HEAD/T1/VANILLA_T1/REGISTERED/SKULLS_OASIS/sub-OAS31111_ses-d3618_T1w.nii.gz,SKULLS_OASIS,T1
/mnt/wwn-0x5000c500cc8a8151/Prototype_folder_structure/HEAD/T1/VANILLA_T1/REGISTERED/SKULLS_OASIS/sub-OAS30683_ses-d0051_run-01_T1w.nii.gz,SKULLS_OASIS,T1
/mnt/wwn-0x5000c500cc8a8151/Prototype_folder_structure/HEAD/T1/VANILLA_T1/REGISTERED/SKULLS_OASIS/sub-OAS31112_ses-d0276_run-02_T1w.nii.gz,SKULLS_OASIS,T1
/mnt/wwn-0x5000c500cc8a8151/Prototype_folder_structure/HEAD/T1/VANILLA_T1/REGISTERED/SKULLS_OASIS/sub-OAS30411_ses-d4368_T1w.nii.gz,SKULLS_OASIS,T1
/mnt/wwn-0x5000c500cc8a8151/Prototype_folder_structure/HEAD/T1/VANILLA_T1/REGISTERED/SKULLS_OASIS/sub-OAS30861_ses-d0101_T1w.nii.gz,SKULLS_OASIS,T1
/mnt/wwn-0x5000c500cc8a8151/Prototype_folder_structure/HEAD/T1/VANILLA_T1/REGISTERED/SKULLS_OASIS/sub-OAS31172_ses-d0407_run-02_T1w.nii.gz,SKULLS_OASIS,T1
/mnt/wwn-0x5000c500cc8a8151/Prototype_folder_structure/HEAD/T1/VANILLA_T1/REGISTERED/SKULLS_OASIS/sub-OAS30687_ses-d0064_run-02_T1w.nii.gz,SKULLS_OASIS,T1
/mnt/wwn-0x5000c500cc8a8151/Prototype_folder_structure/HEAD/T1/VANILLA_T1/REGISTERED/SKULLS_OASIS/sub-OAS30600_ses-d1176_run-02_T1w.nii.gz,SKULLS_OASIS,T1
/mnt/wwn-0x5000c500cc8a8151/Prototype_folder_structure/HEAD/T1/VANILLA_T1/REGISTERED/SKULLS_OASIS/sub-OAS30411_ses-d0183_run-03_T1w.nii.gz,SKULLS_OASIS,Unknown
/mnt/wwn-0x5000c500cc8a8151/Prototype_folder_structure/HEAD/T1/VANILLA_T1/REGISTERED/SKULLS_OASIS/sub-OAS31094_ses-d1195_T1w.nii.gz,SKULLS_OASIS,T1
/mnt/wwn-0x5000c500cc8a8151/Prototype_folder_structure/HEAD/T1/VANILLA_T1/REGISTERED/SKULLS_OASIS/sub-OAS30076_ses-d0534_run-01_T1w.nii.gz,SKULLS_OASIS,T1
/mnt/wwn-0x5000c500cc8a8151/Prototype_folder_structure/HEAD/T1/VANILLA_T1/REGISTERED/SKULLS_OASIS/sub-OAS30001_ses-d0757_run-01_T1w.nii.gz,SKULLS_OASIS,T1
/mnt/wwn-0x5000c500cc8a8151/Prototype_folder_structure/HEAD/T1/VANILLA_T1/REGISTERED/SKULLS_OASIS/sub-OAS30051_ses-d0200_run-02_T1w.nii.gz,SKULLS_OASIS,T1
/mnt/wwn-0x5000c500cc8a8151/Prototype_folder_structure/HEAD/T1/VANILLA_T1/REGISTERED/SKULLS_OASIS/sub-OAS30494_ses-d0059_run-02_T1w.nii.gz,SKULLS_OASIS,Unknown
/mnt/wwn-0x5000c500cc8a8151/Prototype_folder_structure/HEAD/T1/VANILLA_T1/REGISTERED/SKULLS_OASIS/sub-OAS30032_ses-d1661_run-02_T1w.nii.gz,SKULLS_OASIS,T1
/mnt/wwn-0x5000c500cc8a8151/Prototype_folder_structure/HEAD/T1/VANILLA_T1/REGISTERED/SKULLS_OASIS/sub-OAS30829_ses-d5823_run-02_T1w.nii.gz,SKULLS_OASIS,T1
/mnt/wwn-0x5000c500cc8a8151/Prototype_folder_structure/HEAD/T1/VANILLA_T1/REGISTERED/SKULLS_OASIS/sub-OAS30464_ses-d0077_run-02_T1w.nii.gz,SKULLS_OASIS,T1
/mnt/wwn-0x5000c500cc8a8151/Prototype_folder_structure/HEAD/T1/VANILLA_T1/REGISTERED/SKULLS_OASIS/sub-OAS30206_ses-d0306_run-02_T1w.nii.gz,SKULLS_OASIS,T1
/mnt/wwn-0x5000c500cc8a8151/Prototype_folder_structure/HEAD/T1/VANILLA_T1/REGISTERED/SKULLS_OASIS/sub-OAS31142_ses-d0000_run-01_T1w.nii.gz,SKULLS_OASIS,Unknown
/mnt/wwn-0x5000c500cc8a8151/Prototype_folder_structure/HEAD/T1/VANILLA_T1/REGISTERED/SKULLS_OASIS/sub-OAS30624_ses-d1643_T1w.nii.gz,SKULLS_OASIS,T1
/mnt/wwn-0x5000c500cc8a8151/Prototype_folder_structure/HEAD/T1/VANILLA_T1/REGISTERED/SKULLS_OASIS/sub-OAS30243_ses-d0034_run-01_T1w.nii.gz,SKULLS_OASIS,T1
/mnt/wwn-0x5000c500cc8a8151/Prototype_folder_structure/HEAD/T1/VANILLA_T1/REGISTERED/SKULLS_OASIS/sub-OAS31167_ses-d0064_run-02_T1w.nii.gz,SKULLS_OASIS,T1
/mnt/wwn-0x5000c500cc8a8151/Prototype_folder_structure/HEAD/T1/VANILLA_T1/REGISTERED/SKULLS_OASIS/sub-OAS30821_ses-d0068_run-01_T1w.nii.gz,SKULLS_OASIS,T1
/mnt/wwn-0x5000c500cc8a8151/Prototype_folder_structure/HEAD/T1/VANILLA_T1/REGISTERED/SKULLS_OASIS/sub-OAS30276_ses-d1200_run-01_T1w.nii.gz,SKULLS_OASIS,T1
/mnt/wwn-0x5000c500cc8a8151/Prototype_folder_structure/HEAD/T1/VANILLA_T1/REGISTERED/SKULLS_OASIS/sub-OAS31143_ses-d0109_run-01_T1w.nii.gz,SKULLS_OASIS,T1
/mnt/wwn-0x5000c500cc8a8151/Prototype_folder_structure/HEAD/T1/VANILLA_T1/REGISTERED/SKULLS_OASIS/sub-OAS30641_ses-d0585_run-01_T1w.nii.gz,SKULLS_OASIS,T1
/mnt/wwn-0x5000c500cc8a8151/Prototype_folder_structure/HEAD/T1/VANILLA_T1/REGISTERED/SKULLS_OASIS/sub-OAS30257_ses-d1938_T1w.nii.gz,SKULLS_OASIS,T1
/mnt/wwn-0x5000c500cc8a8151/Prototype_folder_structure/HEAD/T1/VANILLA_T1/REGISTERED/SKULLS_OASIS/sub-OAS30411_ses-d3011_T1w.nii.gz,SKULLS_OASIS,T1
/mnt/wwn-0x5000c500cc8a8151/Prototype_folder_structure/HEAD/T1/VANILLA_T1/REGISTERED/SKULLS_OASIS/sub-OAS30065_ses-d0548_T1w.nii.gz,SKULLS_OASIS,T1
/mnt/wwn-0x5000c500cc8a8151/Prototype_folder_structure/HEAD/T1/VANILLA_T1/REGISTERED/SKULLS_OASIS/sub-OAS30222_ses-d1000_run-01_T1w.nii.gz,SKULLS_OASIS,T1
/mnt/wwn-0x5000c500cc8a8151/Prototype_folder_structure/HEAD/T1/VANILLA_T1/REGISTERED/SKULLS_OASIS/sub-OAS30601_ses-d1146_T1w.nii.gz,SKULLS_OASIS,T1
/mnt/wwn-0x5000c500cc8a8151/Prototype_folder_structure/HEAD/T1/VANILLA_T1/REGISTERED/SKULLS_OASIS/sub-OAS30291_ses-d0078_run-01_T1w.nii.gz,SKULLS_OASIS,T1
/mnt/wwn-0x5000c500cc8a8151/Prototype_folder_structure/HEAD/T1/VANILLA_T1/REGISTERED/SKULLS_OASIS/sub-OAS31150_ses-d0073_T1w.nii.gz,SKULLS_OASIS,T1
/mnt/wwn-0x5000c500cc8a8151/Prototype_folder_structure/HEAD/T1/VANILLA_T1/REGISTERED/SKULLS_OASIS/sub-OAS30255_ses-d0019_run-02_T1w.nii.gz,SKULLS_OASIS,T1
/mnt/wwn-0x5000c500cc8a8151/Prototype_folder_structure/HEAD/T1/VANILLA_T1/REGISTERED/SKULLS_OASIS/sub-OAS30062_ses-d3469_T1w.nii.gz,SKULLS_OASIS,T1
/mnt/wwn-0x5000c500cc8a8151/Prototype_folder_structure/HEAD/T1/VANILLA_T1/REGISTERED/SKULLS_OASIS/sub-OAS30295_ses-d0967_run-02_T1w.nii.gz,SKULLS_OASIS,T1
/mnt/wwn-0x5000c500cc8a8151/Prototype_folder_structure/HEAD/T1/VANILLA_T1/REGISTERED/SKULLS_OASIS/sub-OAS30002_ses-d2340_run-01_T1w.nii.gz,SKULLS_OASIS,T1
/mnt/wwn-0x5000c500cc8a8151/Prototype_folder_structure/HEAD/T1/VANILLA_T1/REGISTERED/SKULLS_OASIS/sub-OAS30858_ses-d2100_T1w.nii.gz,SKULLS_OASIS,T1
/mnt/wwn-0x5000c500cc8a8151/Prototype_folder_structure/HEAD/T1/VANILLA_T1/REGISTERED/SKULLS_OASIS/sub-OAS30626_ses-d1213_run-02_T1w.nii.gz,SKULLS_OASIS,T1
/mnt/wwn-0x5000c500cc8a8151/Prototype_folder_structure/HEAD/T1/VANILLA_T1/REGISTERED/SKULLS_OASIS/sub-OAS30044_ses-d0061_run-01_T1w.nii.gz,SKULLS_OASIS,T1
/mnt/wwn-0x5000c500cc8a8151/Prototype_folder_structure/HEAD/T1/VANILLA_T1/REGISTERED/SKULLS_OASIS/sub-OAS31119_ses-d1493_T1w.nii.gz,SKULLS_OASIS,T1
/mnt/wwn-0x5000c500cc8a8151/Prototype_folder_structure/HEAD/T1/VANILLA_T1/REGISTERED/SKULLS_OASIS/sub-OAS30232_ses-d0695_run-01_T1w.nii.gz,SKULLS_OASIS,T1
/mnt/wwn-0x5000c500cc8a8151/Prototype_folder_structure/HEAD/T1/VANILLA_T1/REGISTERED/SKULLS_OASIS/sub-OAS31113_ses-d0881_T1w.nii.gz,SKULLS_OASIS,T1
/mnt/wwn-0x5000c500cc8a8151/Prototype_folder_structure/HEAD/T1/VANILLA_T1/REGISTERED/SKULLS_OASIS/sub-OAS30490_ses-d0574_run-02_T1w.nii.gz,SKULLS_OASIS,T1
/mnt/wwn-0x5000c500cc8a8151/Prototype_folder_structure/HEAD/T1/VANILLA_T1/REGISTERED/SKULLS_OASIS/sub-OAS30462_ses-d0034_run-02_T1w.nii.gz,SKULLS_OASIS,T1
/mnt/wwn-0x5000c500cc8a8151/Prototype_folder_structure/HEAD/T1/VANILLA_T1/REGISTERED/SKULLS_OASIS/sub-OAS30278_ses-d0028_run-03_T1w.nii.gz,SKULLS_OASIS,Unknown
/mnt/wwn-0x5000c500cc8a8151/Prototype_folder_structure/HEAD/T1/VANILLA_T1/REGISTERED/SKULLS_OASIS/sub-OAS30246_ses-d1591_T1w.nii.gz,SKULLS_OASIS,T1
/mnt/wwn-0x5000c500cc8a8151/Prototype_folder_structure/HEAD/T1/VANILLA_T1/REGISTERED/SKULLS_OASIS/sub-OAS30430_ses-d0055_run-01_T1w.nii.gz,SKULLS_OASIS,T1
/mnt/wwn-0x5000c500cc8a8151/Prototype_folder_structure/HEAD/T1/VANILLA_T1/REGISTERED/SKULLS_OASIS/sub-OAS30285_ses-d0055_run-01_T1w.nii.gz,SKULLS_OASIS,T1
/mnt/wwn-0x5000c500cc8a8151/Prototype_folder_structure/HEAD/T1/VANILLA_T1/REGISTERED/SKULLS_OASIS/sub-OAS30825_ses-d3430_run-03_T1w.nii.gz,SKULLS_OASIS,T1
/mnt/wwn-0x5000c500cc8a8151/Prototype_folder_structure/HEAD/T1/VANILLA_T1/REGISTERED/SKULLS_OASIS/sub-OAS30014_ses-d1176_run-02_T1w.nii.gz,SKULLS_OASIS,T1
/mnt/wwn-0x5000c500cc8a8151/Prototype_folder_structure/HEAD/T1/VANILLA_T1/REGISTERED/SKULLS_OASIS/sub-OAS30216_ses-d3830_run-02_T1w.nii.gz,SKULLS_OASIS,Unknown
/mnt/wwn-0x5000c500cc8a8151/Prototype_folder_structure/HEAD/T1/VANILLA_T1/REGISTERED/SKULLS_OASIS/sub-OAS30470_ses-d1846_run-02_T1w.nii.gz,SKULLS_OASIS,T1
/mnt/wwn-0x5000c500cc8a8151/Prototype_folder_structure/HEAD/T1/VANILLA_T1/REGISTERED/SKULLS_OASIS/sub-OAS30278_ses-d0028_run-01_T1w.nii.gz,SKULLS_OASIS,Unknown
/mnt/wwn-0x5000c500cc8a8151/Prototype_folder_structure/HEAD/T1/VANILLA_T1/REGISTERED/SKULLS_OASIS/sub-OAS31169_ses-d0620_run-01_T1w.nii.gz,SKULLS_OASIS,T1
/mnt/wwn-0x5000c500cc8a8151/Prototype_folder_structure/HEAD/T1/VANILLA_T1/REGISTERED/SKULLS_OASIS/sub-OAS30452_ses-d2291_run-01_T1w.nii.gz,SKULLS_OASIS,T1
/mnt/wwn-0x5000c500cc8a8151/Prototype_folder_structure/HEAD/T1/VANILLA_T1/REGISTERED/SKULLS_OASIS/sub-OAS31170_ses-d2410_T1w.nii.gz,SKULLS_OASIS,T1
/mnt/wwn-0x5000c500cc8a8151/Prototype_folder_structure/HEAD/T1/VANILLA_T1/REGISTERED/SKULLS_OASIS/sub-OAS30603_ses-d2253_T1w.nii.gz,SKULLS_OASIS,T1
/mnt/wwn-0x5000c500cc8a8151/Prototype_folder_structure/HEAD/T1/VANILLA_T1/REGISTERED/SKULLS_OASIS/sub-OAS30887_ses-d0064_T1w.nii.gz,SKULLS_OASIS,T1
/mnt/wwn-0x5000c500cc8a8151/Prototype_folder_structure/HEAD/T1/VANILLA_T1/REGISTERED/SKULLS_OASIS/sub-OAS30614_ses-d1464_run-03_T1w.nii.gz,SKULLS_OASIS,T1
/mnt/wwn-0x5000c500cc8a8151/Prototype_folder_structure/HEAD/T1/VANILLA_T1/REGISTERED/SKULLS_OASIS/sub-OAS30240_ses-d3483_T1w.nii.gz,SKULLS_OASIS,T1
/mnt/wwn-0x5000c500cc8a8151/Prototype_folder_structure/HEAD/T1/VANILLA_T1/REGISTERED/SKULLS_OASIS/sub-OAS31172_ses-d1717_T1w.nii.gz,SKULLS_OASIS,T1
/mnt/wwn-0x5000c500cc8a8151/Prototype_folder_structure/HEAD/T1/VANILLA_T1/REGISTERED/SKULLS_OASIS/sub-OAS30048_ses-d0983_run-03_T1w.nii.gz,SKULLS_OASIS,T1
/mnt/wwn-0x5000c500cc8a8151/Prototype_folder_structure/HEAD/T1/VANILLA_T1/REGISTERED/SKULLS_OASIS/sub-OAS30811_ses-d7690_run-01_T1w.nii.gz,SKULLS_OASIS,T1
/mnt/wwn-0x5000c500cc8a8151/Prototype_folder_structure/HEAD/T1/VANILLA_T1/REGISTERED/SKULLS_OASIS/sub-OAS30694_ses-d0779_run-02_T1w.nii.gz,SKULLS_OASIS,T1
/mnt/wwn-0x5000c500cc8a8151/Prototype_folder_structure/HEAD/T1/VANILLA_T1/REGISTERED/SKULLS_OASIS/sub-OAS30653_ses-d0102_run-01_T1w.nii.gz,SKULLS_OASIS,T1
/mnt/wwn-0x5000c500cc8a8151/Prototype_folder_structure/HEAD/T1/VANILLA_T1/REGISTERED/SKULLS_OASIS/sub-OAS30620_ses-d1616_T1w.nii.gz,SKULLS_OASIS,T1
/mnt/wwn-0x5000c500cc8a8151/Prototype_folder_structure/HEAD/T1/VANILLA_T1/REGISTERED/SKULLS_OASIS/sub-OAS30420_ses-d2792_run-01_T1w.nii.gz,SKULLS_OASIS,Unknown
/mnt/wwn-0x5000c500cc8a8151/Prototype_folder_structure/HEAD/T1/VANILLA_T1/REGISTERED/SKULLS_OASIS/sub-OAS31163_ses-d0036_run-01_T1w.nii.gz,SKULLS_OASIS,T1
/mnt/wwn-0x5000c500cc8a8151/Prototype_folder_structure/HEAD/T1/VANILLA_T1/REGISTERED/SKULLS_OASIS/sub-OAS30837_ses-d1722_run-01_T1w.nii.gz,SKULLS_OASIS,T1
/mnt/wwn-0x5000c500cc8a8151/Prototype_folder_structure/HEAD/T1/VANILLA_T1/REGISTERED/SKULLS_OASIS/sub-OAS30455_ses-d2887_run-02_T1w.nii.gz,SKULLS_OASIS,T1
/mnt/wwn-0x5000c500cc8a8151/Prototype_folder_structure/HEAD/T1/VANILLA_T1/REGISTERED/SKULLS_OASIS/sub-OAS31126_ses-d1156_run-01_T1w.nii.gz,SKULLS_OASIS,T1
/mnt/wwn-0x5000c500cc8a8151/Prototype_folder_structure/HEAD/T1/VANILLA_T1/REGISTERED/SKULLS_OASIS/sub-OAS30453_ses-d0077_T1w.nii.gz,SKULLS_OASIS,T1
/mnt/wwn-0x5000c500cc8a8151/Prototype_folder_structure/HEAD/T1/VANILLA_T1/REGISTERED/SKULLS_OASIS/sub-OAS30610_ses-d0079_run-01_T1w.nii.gz,SKULLS_OASIS,T1
/mnt/wwn-0x5000c500cc8a8151/Prototype_folder_structure/HEAD/T1/VANILLA_T1/REGISTERED/SKULLS_OASIS/sub-OAS30256_ses-d0000_run-01_T1w.nii.gz,SKULLS_OASIS,T1
/mnt/wwn-0x5000c500cc8a8151/Prototype_folder_structure/HEAD/T1/VANILLA_T1/REGISTERED/SKULLS_OASIS/sub-OAS31111_ses-d0246_run-01_T1w.nii.gz,SKULLS_OASIS,T1
/mnt/wwn-0x5000c500cc8a8151/Prototype_folder_structure/HEAD/T1/VANILLA_T1/REGISTERED/SKULLS_OASIS/sub-OAS31142_ses-d0000_run-02_T1w.nii.gz,SKULLS_OASIS,Unknown
/mnt/wwn-0x5000c500cc8a8151/Prototype_folder_structure/HEAD/T1/VANILLA_T1/REGISTERED/SKULLS_OASIS/sub-OAS30276_ses-d1200_run-02_T1w.nii.gz,SKULLS_OASIS,T1
/mnt/wwn-0x5000c500cc8a8151/Prototype_folder_structure/HEAD/T1/VANILLA_T1/REGISTERED/SKULLS_OASIS/sub-OAS30218_ses-d0841_T1w.nii.gz,SKULLS_OASIS,T1
/mnt/wwn-0x5000c500cc8a8151/Prototype_folder_structure/HEAD/T1/VANILLA_T1/REGISTERED/SKULLS_OASIS/sub-OAS31110_ses-d0031_run-01_T1w.nii.gz,SKULLS_OASIS,T1
/mnt/wwn-0x5000c500cc8a8151/Prototype_folder_structure/HEAD/T1/VANILLA_T1/REGISTERED/SKULLS_OASIS/sub-OAS30015_ses-d0116_run-02_T1w.nii.gz,SKULLS_OASIS,T1
/mnt/wwn-0x5000c500cc8a8151/Prototype_folder_structure/HEAD/T1/VANILLA_T1/REGISTERED/SKULLS_OASIS/sub-OAS30020_ses-d0911_run-03_T1w.nii.gz,SKULLS_OASIS,Unknown
/mnt/wwn-0x5000c500cc8a8151/Prototype_folder_structure/HEAD/T1/VANILLA_T1/REGISTERED/SKULLS_OASIS/sub-OAS30674_ses-d1011_run-01_T1w.nii.gz,SKULLS_OASIS,T1
/mnt/wwn-0x5000c500cc8a8151/Prototype_folder_structure/HEAD/T1/VANILLA_T1/REGISTERED/SKULLS_OASIS/sub-OAS30206_ses-d1036_run-01_T1w.nii.gz,SKULLS_OASIS,T1
/mnt/wwn-0x5000c500cc8a8151/Prototype_folder_structure/HEAD/T1/VANILLA_T1/REGISTERED/SKULLS_OASIS/sub-OAS31099_ses-d0900_run-01_T1w.nii.gz,SKULLS_OASIS,T1
/mnt/wwn-0x5000c500cc8a8151/Prototype_folder_structure/HEAD/T1/VANILLA_T1/REGISTERED/SKULLS_OASIS/sub-OAS31142_ses-d1267_run-02_T1w.nii.gz,SKULLS_OASIS,T1
/mnt/wwn-0x5000c500cc8a8151/Prototype_folder_structure/HEAD/T1/VANILLA_T1/REGISTERED/SKULLS_OASIS/sub-OAS30695_ses-d0104_T1w.nii.gz,SKULLS_OASIS,T1
/mnt/wwn-0x5000c500cc8a8151/Prototype_folder_structure/HEAD/T1/VANILLA_T1/REGISTERED/SKULLS_OASIS/sub-OAS30462_ses-d1232_T1w.nii.gz,SKULLS_OASIS,T1
/mnt/wwn-0x5000c500cc8a8151/Prototype_folder_structure/HEAD/T1/VANILLA_T1/REGISTERED/SKULLS_OASIS/sub-OAS30840_ses-d0042_run-02_T1w.nii.gz,SKULLS_OASIS,T1
/mnt/wwn-0x5000c500cc8a8151/Prototype_folder_structure/HEAD/T1/VANILLA_T1/REGISTERED/SKULLS_OASIS/sub-OAS30474_ses-d0069_run-02_T1w.nii.gz,SKULLS_OASIS,T1
/mnt/wwn-0x5000c500cc8a8151/Prototype_folder_structure/HEAD/T1/VANILLA_T1/REGISTERED/SKULLS_OASIS/sub-OAS30288_ses-d0897_run-02_T1w.nii.gz,SKULLS_OASIS,Unknown
/mnt/wwn-0x5000c500cc8a8151/Prototype_folder_structure/HEAD/T1/VANILLA_T1/REGISTERED/SKULLS_OASIS/sub-OAS30404_ses-d0104_T1w.nii.gz,SKULLS_OASIS,T1
/mnt/wwn-0x5000c500cc8a8151/Prototype_folder_structure/HEAD/T1/VANILLA_T1/REGISTERED/SKULLS_OASIS/sub-OAS30852_ses-d3983_run-01_T1w.nii.gz,SKULLS_OASIS,T1
/mnt/wwn-0x5000c500cc8a8151/Prototype_folder_structure/HEAD/T1/VANILLA_T1/REGISTERED/SKULLS_OASIS/sub-OAS30058_ses-d1316_run-01_T1w.nii.gz,SKULLS_OASIS,T1
/mnt/wwn-0x5000c500cc8a8151/Prototype_folder_structure/HEAD/T1/VANILLA_T1/REGISTERED/SKULLS_OASIS/sub-OAS30449_ses-d0000_run-01_T1w.nii.gz,SKULLS_OASIS,T1
/mnt/wwn-0x5000c500cc8a8151/Prototype_folder_structure/HEAD/T1/VANILLA_T1/REGISTERED/SKULLS_OASIS/sub-OAS30008_ses-d0061_run-01_T1w.nii.gz,SKULLS_OASIS,T1
/mnt/wwn-0x5000c500cc8a8151/Prototype_folder_structure/HEAD/T1/VANILLA_T1/REGISTERED/SKULLS_OASIS/sub-OAS30284_ses-d0094_run-03_T1w.nii.gz,SKULLS_OASIS,T1
/mnt/wwn-0x5000c500cc8a8151/Prototype_folder_structure/HEAD/T1/VANILLA_T1/REGISTERED/SKULLS_OASIS/sub-OAS30608_ses-d3984_T1w.nii.gz,SKULLS_OASIS,T1
/mnt/wwn-0x5000c500cc8a8151/Prototype_folder_structure/HEAD/T1/VANILLA_T1/REGISTERED/SKULLS_OASIS/sub-OAS30267_ses-d0043_run-01_T1w.nii.gz,SKULLS_OASIS,T1
/mnt/wwn-0x5000c500cc8a8151/Prototype_folder_structure/HEAD/T1/VANILLA_T1/REGISTERED/SKULLS_OASIS/sub-OAS30880_ses-d0554_run-01_T1w.nii.gz,SKULLS_OASIS,T1
/mnt/wwn-0x5000c500cc8a8151/Prototype_folder_structure/HEAD/T1/VANILLA_T1/REGISTERED/SKULLS_OASIS/sub-OAS30024_ses-d0084_T1w.nii.gz,SKULLS_OASIS,T1
/mnt/wwn-0x5000c500cc8a8151/Prototype_folder_structure/HEAD/T1/VANILLA_T1/REGISTERED/SKULLS_OASIS/sub-OAS30032_ses-d1661_run-01_T1w.nii.gz,SKULLS_OASIS,T1
/mnt/wwn-0x5000c500cc8a8151/Prototype_folder_structure/HEAD/T1/VANILLA_T1/REGISTERED/SKULLS_OASIS/sub-OAS30462_ses-d0034_run-01_T1w.nii.gz,SKULLS_OASIS,T1
/mnt/wwn-0x5000c500cc8a8151/Prototype_folder_structure/HEAD/T1/VANILLA_T1/REGISTERED/SKULLS_OASIS/sub-OAS30669_ses-d2733_run-01_T1w.nii.gz,SKULLS_OASIS,Unknown
/mnt/wwn-0x5000c500cc8a8151/Prototype_folder_structure/HEAD/T1/VANILLA_T1/REGISTERED/SKULLS_OASIS/sub-OAS30444_ses-d0001_run-02_T1w.nii.gz,SKULLS_OASIS,Unknown
/mnt/wwn-0x5000c500cc8a8151/Prototype_folder_structure/HEAD/T1/VANILLA_T1/REGISTERED/SKULLS_OASIS/sub-OAS30025_ses-d0210_run-01_T1w.nii.gz,SKULLS_OASIS,T1
/mnt/wwn-0x5000c500cc8a8151/Prototype_folder_structure/HEAD/T1/VANILLA_T1/REGISTERED/SKULLS_OASIS/sub-OAS30855_ses-d0741_run-03_T1w.nii.gz,SKULLS_OASIS,Unknown
/mnt/wwn-0x5000c500cc8a8151/Prototype_folder_structure/HEAD/T1/VANILLA_T1/REGISTERED/SKULLS_OASIS/sub-OAS30254_ses-d0057_run-02_T1w.nii.gz,SKULLS_OASIS,T1
/mnt/wwn-0x5000c500cc8a8151/Prototype_folder_structure/HEAD/T1/VANILLA_T1/REGISTERED/SKULLS_OASIS/sub-OAS30098_ses-d0036_T1w.nii.gz,SKULLS_OASIS,T1
/mnt/wwn-0x5000c500cc8a8151/Prototype_folder_structure/HEAD/T1/VANILLA_T1/REGISTERED/SKULLS_OASIS/sub-OAS30275_ses-d1006_run-01_T1w.nii.gz,SKULLS_OASIS,T1
/mnt/wwn-0x5000c500cc8a8151/Prototype_folder_structure/HEAD/T1/VANILLA_T1/REGISTERED/SKULLS_OASIS/sub-OAS30044_ses-d1319_T1w.nii.gz,SKULLS_OASIS,T1
/mnt/wwn-0x5000c500cc8a8151/Prototype_folder_structure/HEAD/T1/VANILLA_T1/REGISTERED/SKULLS_OASIS/sub-OAS30436_ses-d0388_run-02_T1w.nii.gz,SKULLS_OASIS,T1
/mnt/wwn-0x5000c500cc8a8151/Prototype_folder_structure/HEAD/T1/VANILLA_T1/REGISTERED/SKULLS_OASIS/sub-OAS30811_ses-d7690_run-02_T1w.nii.gz,SKULLS_OASIS,T1
/mnt/wwn-0x5000c500cc8a8151/Prototype_folder_structure/HEAD/T1/VANILLA_T1/REGISTERED/SKULLS_OASIS/sub-OAS30245_ses-d0058_T1w.nii.gz,SKULLS_OASIS,T1
/mnt/wwn-0x5000c500cc8a8151/Prototype_folder_structure/HEAD/T1/VANILLA_T1/REGISTERED/SKULLS_OASIS/sub-OAS30403_ses-d1232_run-02_T1w.nii.gz,SKULLS_OASIS,T1
/mnt/wwn-0x5000c500cc8a8151/Prototype_folder_structure/HEAD/T1/VANILLA_T1/REGISTERED/SKULLS_OASIS/sub-OAS30043_ses-d0145_T1w.nii.gz,SKULLS_OASIS,T1
/mnt/wwn-0x5000c500cc8a8151/Prototype_folder_structure/HEAD/T1/VANILLA_T1/REGISTERED/SKULLS_OASIS/sub-OAS30211_ses-d1239_T1w.nii.gz,SKULLS_OASIS,T1
/mnt/wwn-0x5000c500cc8a8151/Prototype_folder_structure/HEAD/T1/VANILLA_T1/REGISTERED/SKULLS_OASIS/sub-OAS30052_ses-d0693_run-01_T1w.nii.gz,SKULLS_OASIS,T1
/mnt/wwn-0x5000c500cc8a8151/Prototype_folder_structure/HEAD/T1/VANILLA_T1/REGISTERED/SKULLS_OASIS/sub-OAS30824_ses-d0077_T1w.nii.gz,SKULLS_OASIS,T1
/mnt/wwn-0x5000c500cc8a8151/Prototype_folder_structure/HEAD/T1/VANILLA_T1/REGISTERED/SKULLS_OASIS/sub-OAS30206_ses-d3024_T1w.nii.gz,SKULLS_OASIS,T1
/mnt/wwn-0x5000c500cc8a8151/Prototype_folder_structure/HEAD/T1/VANILLA_T1/REGISTERED/SKULLS_OASIS/sub-OAS31132_ses-d3392_run-03_T1w.nii.gz,SKULLS_OASIS,T1
/mnt/wwn-0x5000c500cc8a8151/Prototype_folder_structure/HEAD/T1/VANILLA_T1/REGISTERED/SKULLS_OASIS/sub-OAS30284_ses-d3510_T1w.nii.gz,SKULLS_OASIS,T1
/mnt/wwn-0x5000c500cc8a8151/Prototype_folder_structure/HEAD/T1/VANILLA_T1/REGISTERED/SKULLS_OASIS/sub-OAS31125_ses-d3093_T1w.nii.gz,SKULLS_OASIS,T1
/mnt/wwn-0x5000c500cc8a8151/Prototype_folder_structure/HEAD/T1/VANILLA_T1/REGISTERED/SKULLS_OASIS/sub-OAS30220_ses-d0104_T1w.nii.gz,SKULLS_OASIS,T1
/mnt/wwn-0x5000c500cc8a8151/Prototype_folder_structure/HEAD/T1/VANILLA_T1/REGISTERED/SKULLS_OASIS/sub-OAS30683_ses-d0528_T1w.nii.gz,SKULLS_OASIS,T1
/mnt/wwn-0x5000c500cc8a8151/Prototype_folder_structure/HEAD/T1/VANILLA_T1/REGISTERED/SKULLS_OASIS/sub-OAS31155_ses-d8643_run-01_T1w.nii.gz,SKULLS_OASIS,T1
/mnt/wwn-0x5000c500cc8a8151/Prototype_folder_structure/HEAD/T1/VANILLA_T1/REGISTERED/SKULLS_OASIS/sub-OAS30290_ses-d0000_T1w.nii.gz,SKULLS_OASIS,T1
/mnt/wwn-0x5000c500cc8a8151/Prototype_folder_structure/HEAD/T1/VANILLA_T1/REGISTERED/SKULLS_OASIS/sub-OAS30463_ses-d2737_run-01_T1w.nii.gz,SKULLS_OASIS,T1
/mnt/wwn-0x5000c500cc8a8151/Prototype_folder_structure/HEAD/T1/VANILLA_T1/REGISTERED/SKULLS_OASIS/sub-OAS30608_ses-d2527_T1w.nii.gz,SKULLS_OASIS,T1
/mnt/wwn-0x5000c500cc8a8151/Prototype_folder_structure/HEAD/T1/VANILLA_T1/REGISTERED/SKULLS_OASIS/sub-OAS31108_ses-d3850_run-01_T1w.nii.gz,SKULLS_OASIS,T1
/mnt/wwn-0x5000c500cc8a8151/Prototype_folder_structure/HEAD/T1/VANILLA_T1/REGISTERED/SKULLS_OASIS/sub-OAS30004_ses-d1101_run-01_T1w.nii.gz,SKULLS_OASIS,T1
/mnt/wwn-0x5000c500cc8a8151/Prototype_folder_structure/HEAD/T1/VANILLA_T1/REGISTERED/SKULLS_OASIS/sub-OAS31141_ses-d0106_run-02_T1w.nii.gz,SKULLS_OASIS,T1
/mnt/wwn-0x5000c500cc8a8151/Prototype_folder_structure/HEAD/T1/VANILLA_T1/REGISTERED/SKULLS_OASIS/sub-OAS30852_ses-d3014_run-02_T1w.nii.gz,SKULLS_OASIS,T1
/mnt/wwn-0x5000c500cc8a8151/Prototype_folder_structure/HEAD/T1/VANILLA_T1/REGISTERED/SKULLS_OASIS/sub-OAS30660_ses-d0087_run-02_T1w.nii.gz,SKULLS_OASIS,Unknown
/mnt/wwn-0x5000c500cc8a8151/Prototype_folder_structure/HEAD/T1/VANILLA_T1/REGISTERED/SKULLS_OASIS/sub-OAS30662_ses-d1483_run-03_T1w.nii.gz,SKULLS_OASIS,Unknown
/mnt/wwn-0x5000c500cc8a8151/Prototype_folder_structure/HEAD/T1/VANILLA_T1/REGISTERED/SKULLS_OASIS/sub-OAS30099_ses-d0032_T1w.nii.gz,SKULLS_OASIS,T1
/mnt/wwn-0x5000c500cc8a8151/Prototype_folder_structure/HEAD/T1/VANILLA_T1/REGISTERED/SKULLS_OASIS/sub-OAS30615_ses-d0265_run-02_T1w.nii.gz,SKULLS_OASIS,T1
/mnt/wwn-0x5000c500cc8a8151/Prototype_folder_structure/HEAD/T1/VANILLA_T1/REGISTERED/SKULLS_OASIS/sub-OAS30411_ses-d0183_run-01_T1w.nii.gz,SKULLS_OASIS,Unknown
/mnt/wwn-0x5000c500cc8a8151/Prototype_folder_structure/HEAD/T1/VANILLA_T1/REGISTERED/SKULLS_OASIS/sub-OAS30038_ses-d4495_T1w.nii.gz,SKULLS_OASIS,T1
/mnt/wwn-0x5000c500cc8a8151/Prototype_folder_structure/HEAD/T1/VANILLA_T1/REGISTERED/SKULLS_OASIS/sub-OAS31155_ses-d6242_run-02_T1w.nii.gz,SKULLS_OASIS,T1
/mnt/wwn-0x5000c500cc8a8151/Prototype_folder_structure/HEAD/T1/VANILLA_T1/REGISTERED/SKULLS_OASIS/sub-OAS31125_ses-d0049_run-02_T1w.nii.gz,SKULLS_OASIS,T1
/mnt/wwn-0x5000c500cc8a8151/Prototype_folder_structure/HEAD/T1/VANILLA_T1/REGISTERED/SKULLS_OASIS/sub-OAS31103_ses-d3821_T1w.nii.gz,SKULLS_OASIS,T1
/mnt/wwn-0x5000c500cc8a8151/Prototype_folder_structure/HEAD/T1/VANILLA_T1/REGISTERED/SKULLS_OASIS/sub-OAS31103_ses-d1829_run-01_T1w.nii.gz,SKULLS_OASIS,T1
/mnt/wwn-0x5000c500cc8a8151/Prototype_folder_structure/HEAD/T1/VANILLA_T1/REGISTERED/SKULLS_OASIS/sub-OAS30074_ses-d0049_run-02_T1w.nii.gz,SKULLS_OASIS,T1
/mnt/wwn-0x5000c500cc8a8151/Prototype_folder_structure/HEAD/T1/VANILLA_T1/REGISTERED/SKULLS_OASIS/sub-OAS30885_ses-d0075_run-01_T1w.nii.gz,SKULLS_OASIS,T1
/mnt/wwn-0x5000c500cc8a8151/Prototype_folder_structure/HEAD/T1/VANILLA_T1/REGISTERED/SKULLS_OASIS/sub-OAS30209_ses-d1976_T1w.nii.gz,SKULLS_OASIS,T1
/mnt/wwn-0x5000c500cc8a8151/Prototype_folder_structure/HEAD/T1/VANILLA_T1/REGISTERED/SKULLS_OASIS/sub-OAS30200_ses-d0075_run-01_T1w.nii.gz,SKULLS_OASIS,T1
/mnt/wwn-0x5000c500cc8a8151/Prototype_folder_structure/HEAD/T1/VANILLA_T1/REGISTERED/SKULLS_OASIS/sub-OAS30827_ses-d1875_T1w.nii.gz,SKULLS_OASIS,T1
/mnt/wwn-0x5000c500cc8a8151/Prototype_folder_structure/HEAD/T1/VANILLA_T1/REGISTERED/SKULLS_OASIS/sub-OAS30803_ses-d0702_run-02_T1w.nii.gz,SKULLS_OASIS,T1
/mnt/wwn-0x5000c500cc8a8151/Prototype_folder_structure/HEAD/T1/VANILLA_T1/REGISTERED/SKULLS_OASIS/sub-OAS30841_ses-d0187_run-01_T1w.nii.gz,SKULLS_OASIS,T1
/mnt/wwn-0x5000c500cc8a8151/Prototype_folder_structure/HEAD/T1/VANILLA_T1/REGISTERED/SKULLS_OASIS/sub-OAS30237_ses-d1353_run-01_T1w.nii.gz,SKULLS_OASIS,T1
/mnt/wwn-0x5000c500cc8a8151/Prototype_folder_structure/HEAD/T1/VANILLA_T1/REGISTERED/SKULLS_OASIS/sub-OAS30676_ses-d0861_run-01_T1w.nii.gz,SKULLS_OASIS,Unknown
/mnt/wwn-0x5000c500cc8a8151/Prototype_folder_structure/HEAD/T1/VANILLA_T1/REGISTERED/SKULLS_OASIS/sub-OAS30456_ses-d0476_run-02_T1w.nii.gz,SKULLS_OASIS,T1
/mnt/wwn-0x5000c500cc8a8151/Prototype_folder_structure/HEAD/T1/VANILLA_T1/REGISTERED/SKULLS_OASIS/sub-OAS31158_ses-d2481_T1w.nii.gz,SKULLS_OASIS,T1
/mnt/wwn-0x5000c500cc8a8151/Prototype_folder_structure/HEAD/T1/VANILLA_T1/REGISTERED/SKULLS_OASIS/sub-OAS31094_ses-d0103_run-01_T1w.nii.gz,SKULLS_OASIS,T1
/mnt/wwn-0x5000c500cc8a8151/Prototype_folder_structure/HEAD/T1/VANILLA_T1/REGISTERED/SKULLS_OASIS/sub-OAS30494_ses-d0059_run-03_T1w.nii.gz,SKULLS_OASIS,Unknown
/mnt/wwn-0x5000c500cc8a8151/Prototype_folder_structure/HEAD/T1/VANILLA_T1/REGISTERED/SKULLS_OASIS/sub-OAS30698_ses-d0975_run-02_T1w.nii.gz,SKULLS_OASIS,T1
/mnt/wwn-0x5000c500cc8a8151/Prototype_folder_structure/HEAD/T1/VANILLA_T1/REGISTERED/SKULLS_OASIS/sub-OAS31132_ses-d2580_run-01_T1w.nii.gz,SKULLS_OASIS,Unknown
/mnt/wwn-0x5000c500cc8a8151/Prototype_folder_structure/HEAD/T1/VANILLA_T1/REGISTERED/SKULLS_OASIS/sub-OAS30411_ses-d3025_T1w.nii.gz,SKULLS_OASIS,T1
/mnt/wwn-0x5000c500cc8a8151/Prototype_folder_structure/HEAD/T1/VANILLA_T1/REGISTERED/SKULLS_OASIS/sub-OAS30049_ses-d0013_run-01_T1w.nii.gz,SKULLS_OASIS,T1
/mnt/wwn-0x5000c500cc8a8151/Prototype_folder_structure/HEAD/T1/VANILLA_T1/REGISTERED/SKULLS_OASIS/sub-OAS30250_ses-d1722_run-01_T1w.nii.gz,SKULLS_OASIS,T1
/mnt/wwn-0x5000c500cc8a8151/Prototype_folder_structure/HEAD/T1/VANILLA_T1/REGISTERED/SKULLS_OASIS/sub-OAS30090_ses-d1294_T1w.nii.gz,SKULLS_OASIS,T1
/mnt/wwn-0x5000c500cc8a8151/Prototype_folder_structure/HEAD/T1/VANILLA_T1/REGISTERED/SKULLS_OASIS/sub-OAS31137_ses-d3443_T1w.nii.gz,SKULLS_OASIS,T1
/mnt/wwn-0x5000c500cc8a8151/Prototype_folder_structure/HEAD/T1/VANILLA_T1/REGISTERED/SKULLS_OASIS/sub-OAS30009_ses-d1210_T1w.nii.gz,SKULLS_OASIS,T1
/mnt/wwn-0x5000c500cc8a8151/Prototype_folder_structure/HEAD/T1/VANILLA_T1/REGISTERED/SKULLS_OASIS/sub-OAS30413_ses-d1533_run-02_T1w.nii.gz,SKULLS_OASIS,T1
/mnt/wwn-0x5000c500cc8a8151/Prototype_folder_structure/HEAD/T1/VANILLA_T1/REGISTERED/SKULLS_OASIS/sub-OAS31116_ses-d0329_run-02_T1w.nii.gz,SKULLS_OASIS,T1
/mnt/wwn-0x5000c500cc8a8151/Prototype_folder_structure/HEAD/T1/VANILLA_T1/REGISTERED/SKULLS_OASIS/sub-OAS31122_ses-d2180_run-01_T1w.nii.gz,SKULLS_OASIS,T1
/mnt/wwn-0x5000c500cc8a8151/Prototype_folder_structure/HEAD/T1/VANILLA_T1/REGISTERED/SKULLS_OASIS/sub-OAS30418_ses-d0069_run-02_T1w.nii.gz,SKULLS_OASIS,T1
/mnt/wwn-0x5000c500cc8a8151/Prototype_folder_structure/HEAD/T1/VANILLA_T1/REGISTERED/SKULLS_OASIS/sub-OAS30035_ses-d2218_run-02_T1w.nii.gz,SKULLS_OASIS,T1
/mnt/wwn-0x5000c500cc8a8151/Prototype_folder_structure/HEAD/T1/VANILLA_T1/REGISTERED/SKULLS_OASIS/sub-OAS30241_ses-d1203_run-02_T1w.nii.gz,SKULLS_OASIS,T1
/mnt/wwn-0x5000c500cc8a8151/Prototype_folder_structure/HEAD/T1/VANILLA_T1/REGISTERED/SKULLS_OASIS/sub-OAS30825_ses-d3430_run-02_T1w.nii.gz,SKULLS_OASIS,T1
/mnt/wwn-0x5000c500cc8a8151/Prototype_folder_structure/HEAD/T1/VANILLA_T1/REGISTERED/SKULLS_OASIS/sub-OAS30075_ses-d0442_T1w.nii.gz,SKULLS_OASIS,T1
/mnt/wwn-0x5000c500cc8a8151/Prototype_folder_structure/HEAD/T1/VANILLA_T1/REGISTERED/SKULLS_OASIS/sub-OAS30676_ses-d0861_run-03_T1w.nii.gz,SKULLS_OASIS,Unknown
/mnt/wwn-0x5000c500cc8a8151/Prototype_folder_structure/HEAD/T1/VANILLA_T1/REGISTERED/SKULLS_OASIS/sub-OAS30463_ses-d2737_run-03_T1w.nii.gz,SKULLS_OASIS,Unknown
/mnt/wwn-0x5000c500cc8a8151/Prototype_folder_structure/HEAD/T1/VANILLA_T1/REGISTERED/SKULLS_OASIS/sub-OAS30253_ses-d2541_run-01_T1w.nii.gz,SKULLS_OASIS,T1
/mnt/wwn-0x5000c500cc8a8151/Prototype_folder_structure/HEAD/T1/VANILLA_T1/REGISTERED/SKULLS_OASIS/sub-OAS31100_ses-d7350_run-01_T1w.nii.gz,SKULLS_OASIS,Unknown
/mnt/wwn-0x5000c500cc8a8151/Prototype_folder_structure/HEAD/T1/VANILLA_T1/REGISTERED/SKULLS_OASIS/sub-OAS30005_ses-d0581_run-01_T1w.nii.gz,SKULLS_OASIS,T1
/mnt/wwn-0x5000c500cc8a8151/Prototype_folder_structure/HEAD/T1/VANILLA_T1/REGISTERED/SKULLS_OASIS/sub-OAS31167_ses-d4564_T1w.nii.gz,SKULLS_OASIS,T1
/mnt/wwn-0x5000c500cc8a8151/Prototype_folder_structure/HEAD/T1/VANILLA_T1/REGISTERED/SKULLS_OASIS/sub-OAS30080_ses-d0048_T1w.nii.gz,SKULLS_OASIS,T1
/mnt/wwn-0x5000c500cc8a8151/Prototype_folder_structure/HEAD/T1/VANILLA_T1/REGISTERED/SKULLS_OASIS/sub-OAS30044_ses-d0054_T1w.nii.gz,SKULLS_OASIS,T1
/mnt/wwn-0x5000c500cc8a8151/Prototype_folder_structure/HEAD/T1/VANILLA_T1/REGISTERED/SKULLS_OASIS/sub-OAS30062_ses-d1745_run-01_T1w.nii.gz,SKULLS_OASIS,T1
/mnt/wwn-0x5000c500cc8a8151/Prototype_folder_structure/HEAD/T1/VANILLA_T1/REGISTERED/SKULLS_OASIS/sub-OAS30038_ses-d2242_run-01_T1w.nii.gz,SKULLS_OASIS,T1
/mnt/wwn-0x5000c500cc8a8151/Prototype_folder_structure/HEAD/T1/VANILLA_T1/REGISTERED/SKULLS_OASIS/sub-OAS30829_ses-d6357_run-02_T1w.nii.gz,SKULLS_OASIS,Unknown
/mnt/wwn-0x5000c500cc8a8151/Prototype_folder_structure/HEAD/T1/VANILLA_T1/REGISTERED/SKULLS_OASIS/sub-OAS31114_ses-d1864_run-01_T1w.nii.gz,SKULLS_OASIS,T1
/mnt/wwn-0x5000c500cc8a8151/Prototype_folder_structure/HEAD/T1/VANILLA_T1/REGISTERED/SKULLS_OASIS/sub-OAS30803_ses-d0086_run-01_T1w.nii.gz,SKULLS_OASIS,Unknown
/mnt/wwn-0x5000c500cc8a8151/Prototype_folder_structure/HEAD/T1/VANILLA_T1/REGISTERED/SKULLS_OASIS/sub-OAS31157_ses-d1964_run-01_T1w.nii.gz,SKULLS_OASIS,T1
/mnt/wwn-0x5000c500cc8a8151/Prototype_folder_structure/HEAD/T1/VANILLA_T1/REGISTERED/SKULLS_OASIS/sub-OAS30008_ses-d1327_T1w.nii.gz,SKULLS_OASIS,T1
/mnt/wwn-0x5000c500cc8a8151/Prototype_folder_structure/HEAD/T1/VANILLA_T1/REGISTERED/SKULLS_OASIS/sub-OAS30073_ses-d2042_run-01_T1w.nii.gz,SKULLS_OASIS,T1
/mnt/wwn-0x5000c500cc8a8151/Prototype_folder_structure/HEAD/T1/VANILLA_T1/REGISTERED/SKULLS_OASIS/sub-OAS30417_ses-d0107_T1w.nii.gz,SKULLS_OASIS,T1
/mnt/wwn-0x5000c500cc8a8151/Prototype_folder_structure/HEAD/T1/VANILLA_T1/REGISTERED/SKULLS_OASIS/sub-OAS30898_ses-d0946_run-02_T1w.nii.gz,SKULLS_OASIS,T1
/mnt/wwn-0x5000c500cc8a8151/Prototype_folder_structure/HEAD/T1/VANILLA_T1/REGISTERED/SKULLS_OASIS/sub-OAS30072_ses-d1379_run-01_T1w.nii.gz,SKULLS_OASIS,T1
/mnt/wwn-0x5000c500cc8a8151/Prototype_folder_structure/HEAD/T1/VANILLA_T1/REGISTERED/SKULLS_OASIS/sub-OAS30664_ses-d0226_run-02_T1w.nii.gz,SKULLS_OASIS,T1
/mnt/wwn-0x5000c500cc8a8151/Prototype_folder_structure/HEAD/T1/VANILLA_T1/REGISTERED/SKULLS_OASIS/sub-OAS30042_ses-d0067_T1w.nii.gz,SKULLS_OASIS,T1
/mnt/wwn-0x5000c500cc8a8151/Prototype_folder_structure/HEAD/T1/VANILLA_T1/REGISTERED/SKULLS_OASIS/sub-OAS31116_ses-d0329_run-01_T1w.nii.gz,SKULLS_OASIS,T1
/mnt/wwn-0x5000c500cc8a8151/Prototype_folder_structure/HEAD/T1/VANILLA_T1/REGISTERED/SKULLS_OASIS/sub-OAS30216_ses-d2849_run-01_T1w.nii.gz,SKULLS_OASIS,Unknown
/mnt/wwn-0x5000c500cc8a8151/Prototype_folder_structure/HEAD/T1/VANILLA_T1/REGISTERED/SKULLS_OASIS/sub-OAS30893_ses-d0053_run-01_T1w.nii.gz,SKULLS_OASIS,T1
/mnt/wwn-0x5000c500cc8a8151/Prototype_folder_structure/HEAD/T1/VANILLA_T1/REGISTERED/SKULLS_OASIS/sub-OAS30094_ses-d0679_run-02_T1w.nii.gz,SKULLS_OASIS,Unknown
/mnt/wwn-0x5000c500cc8a8151/Prototype_folder_structure/HEAD/T1/VANILLA_T1/REGISTERED/SKULLS_OASIS/sub-OAS30662_ses-d2080_run-02_T1w.nii.gz,SKULLS_OASIS,Unknown
/mnt/wwn-0x5000c500cc8a8151/Prototype_folder_structure/HEAD/T1/VANILLA_T1/REGISTERED/SKULLS_OASIS/sub-OAS30667_ses-d0108_T1w.nii.gz,SKULLS_OASIS,T1
/mnt/wwn-0x5000c500cc8a8151/Prototype_folder_structure/HEAD/T1/VANILLA_T1/REGISTERED/SKULLS_OASIS/sub-OAS30250_ses-d0389_run-01_T1w.nii.gz,SKULLS_OASIS,T1
/mnt/wwn-0x5000c500cc8a8151/Prototype_folder_structure/HEAD/T1/VANILLA_T1/REGISTERED/SKULLS_OASIS/sub-OAS31090_ses-d0353_run-02_T1w.nii.gz,SKULLS_OASIS,T1
/mnt/wwn-0x5000c500cc8a8151/Prototype_folder_structure/HEAD/T1/VANILLA_T1/REGISTERED/SKULLS_OASIS/sub-OAS31111_ses-d0246_run-02_T1w.nii.gz,SKULLS_OASIS,T1
/mnt/wwn-0x5000c500cc8a8151/Prototype_folder_structure/HEAD/T1/VANILLA_T1/REGISTERED/SKULLS_OASIS/sub-OAS30403_ses-d3669_T1w.nii.gz,SKULLS_OASIS,T1
/mnt/wwn-0x5000c500cc8a8151/Prototype_folder_structure/HEAD/T1/VANILLA_T1/REGISTERED/SKULLS_OASIS/sub-OAS30005_ses-d1274_run-01_T1w.nii.gz,SKULLS_OASIS,T1
/mnt/wwn-0x5000c500cc8a8151/Prototype_folder_structure/HEAD/T1/VANILLA_T1/REGISTERED/SKULLS_OASIS/sub-OAS30250_ses-d0389_run-02_T1w.nii.gz,SKULLS_OASIS,T1
/mnt/wwn-0x5000c500cc8a8151/Prototype_folder_structure/HEAD/T1/VANILLA_T1/REGISTERED/SKULLS_OASIS/sub-OAS30237_ses-d2478_run-01_T1w.nii.gz,SKULLS_OASIS,T1
/mnt/wwn-0x5000c500cc8a8151/Prototype_folder_structure/HEAD/T1/VANILLA_T1/REGISTERED/SKULLS_OASIS/sub-OAS30858_ses-d0060_run-02_T1w.nii.gz,SKULLS_OASIS,T1
/mnt/wwn-0x5000c500cc8a8151/Prototype_folder_structure/HEAD/T1/VANILLA_T1/REGISTERED/SKULLS_OASIS/sub-OAS31103_ses-d0170_run-02_T1w.nii.gz,SKULLS_OASIS,T1
/mnt/wwn-0x5000c500cc8a8151/Prototype_folder_structure/HEAD/T1/VANILLA_T1/REGISTERED/SKULLS_OASIS/sub-OAS30263_ses-d0129_run-01_T1w.nii.gz,SKULLS_OASIS,T1
/mnt/wwn-0x5000c500cc8a8151/Prototype_folder_structure/HEAD/T1/VANILLA_T1/REGISTERED/SKULLS_OASIS/sub-OAS30698_ses-d1553_run-01_T1w.nii.gz,SKULLS_OASIS,T1
/mnt/wwn-0x5000c500cc8a8151/Prototype_folder_structure/HEAD/T1/VANILLA_T1/REGISTERED/SKULLS_OASIS/sub-OAS30436_ses-d0388_run-01_T1w.nii.gz,SKULLS_OASIS,T1
/mnt/wwn-0x5000c500cc8a8151/Prototype_folder_structure/HEAD/T1/VANILLA_T1/REGISTERED/SKULLS_OASIS/sub-OAS30621_ses-d0452_run-02_T1w.nii.gz,SKULLS_OASIS,T1
/mnt/wwn-0x5000c500cc8a8151/Prototype_folder_structure/HEAD/T1/VANILLA_T1/REGISTERED/SKULLS_OASIS/sub-OAS30283_ses-d0064_run-02_T1w.nii.gz,SKULLS_OASIS,T1
/mnt/wwn-0x5000c500cc8a8151/Prototype_folder_structure/HEAD/T1/VANILLA_T1/REGISTERED/SKULLS_OASIS/sub-OAS30046_ses-d0072_run-01_T1w.nii.gz,SKULLS_OASIS,T1
/mnt/wwn-0x5000c500cc8a8151/Prototype_folder_structure/HEAD/T1/VANILLA_T1/REGISTERED/SKULLS_OASIS/sub-OAS31138_ses-d2040_T1w.nii.gz,SKULLS_OASIS,T1
/mnt/wwn-0x5000c500cc8a8151/Prototype_folder_structure/HEAD/T1/VANILLA_T1/REGISTERED/SKULLS_OASIS/sub-OAS30095_ses-d0033_T1w.nii.gz,SKULLS_OASIS,T1
/mnt/wwn-0x5000c500cc8a8151/Prototype_folder_structure/HEAD/T1/VANILLA_T1/REGISTERED/SKULLS_OASIS/sub-OAS30855_ses-d3346_T1w.nii.gz,SKULLS_OASIS,T1
/mnt/wwn-0x5000c500cc8a8151/Prototype_folder_structure/HEAD/T1/VANILLA_T1/REGISTERED/SKULLS_OASIS/sub-OAS30452_ses-d0993_run-02_T1w.nii.gz,SKULLS_OASIS,Unknown
/mnt/wwn-0x5000c500cc8a8151/Prototype_folder_structure/HEAD/T1/VANILLA_T1/REGISTERED/SKULLS_OASIS/sub-OAS30236_ses-d0088_T1w.nii.gz,SKULLS_OASIS,T1
/mnt/wwn-0x5000c500cc8a8151/Prototype_folder_structure/HEAD/T1/VANILLA_T1/REGISTERED/SKULLS_OASIS/sub-OAS30858_ses-d0060_run-01_T1w.nii.gz,SKULLS_OASIS,T1
/mnt/wwn-0x5000c500cc8a8151/Prototype_folder_structure/HEAD/T1/VANILLA_T1/REGISTERED/SKULLS_OASIS/sub-OAS30660_ses-d3464_T1w.nii.gz,SKULLS_OASIS,T1
/mnt/wwn-0x5000c500cc8a8151/Prototype_folder_structure/HEAD/T1/VANILLA_T1/REGISTERED/SKULLS_OASIS/sub-OAS30021_ses-d0071_T1w.nii.gz,SKULLS_OASIS,T1
/mnt/wwn-0x5000c500cc8a8151/Prototype_folder_structure/HEAD/T1/VANILLA_T1/REGISTERED/SKULLS_OASIS/sub-OAS30041_ses-d6548_run-05_T1w.nii.gz,SKULLS_OASIS,Unknown
/mnt/wwn-0x5000c500cc8a8151/Prototype_folder_structure/HEAD/T1/VANILLA_T1/REGISTERED/SKULLS_OASIS/sub-OAS30683_ses-d0051_run-03_T1w.nii.gz,SKULLS_OASIS,T1
/mnt/wwn-0x5000c500cc8a8151/Prototype_folder_structure/HEAD/T1/VANILLA_T1/REGISTERED/SKULLS_OASIS/sub-OAS30020_ses-d0092_run-01_T1w.nii.gz,SKULLS_OASIS,Unknown
/mnt/wwn-0x5000c500cc8a8151/Prototype_folder_structure/HEAD/T1/VANILLA_T1/REGISTERED/SKULLS_OASIS/sub-OAS31106_ses-d0065_run-02_T1w.nii.gz,SKULLS_OASIS,T1
/mnt/wwn-0x5000c500cc8a8151/Prototype_folder_structure/HEAD/T1/VANILLA_T1/REGISTERED/SKULLS_OASIS/sub-OAS31128_ses-d2332_T1w.nii.gz,SKULLS_OASIS,T1
/mnt/wwn-0x5000c500cc8a8151/Prototype_folder_structure/HEAD/T1/VANILLA_T1/REGISTERED/SKULLS_OASIS/sub-OAS30675_ses-d9297_run-01_T1w.nii.gz,SKULLS_OASIS,T1
/mnt/wwn-0x5000c500cc8a8151/Prototype_folder_structure/HEAD/T1/VANILLA_T1/REGISTERED/SKULLS_OASIS/sub-OAS30892_ses-d0029_T1w.nii.gz,SKULLS_OASIS,T1
/mnt/wwn-0x5000c500cc8a8151/Prototype_folder_structure/HEAD/T1/VANILLA_T1/REGISTERED/SKULLS_OASIS/sub-OAS31097_ses-d2763_run-01_T1w.nii.gz,SKULLS_OASIS,T1
/mnt/wwn-0x5000c500cc8a8151/Prototype_folder_structure/HEAD/T1/VANILLA_T1/REGISTERED/SKULLS_OASIS/sub-OAS30490_ses-d0412_run-02_T1w.nii.gz,SKULLS_OASIS,T1
/mnt/wwn-0x5000c500cc8a8151/Prototype_folder_structure/HEAD/T1/VANILLA_T1/REGISTERED/SKULLS_OASIS/sub-OAS30615_ses-d0925_run-02_T1w.nii.gz,SKULLS_OASIS,T1
/mnt/wwn-0x5000c500cc8a8151/Prototype_folder_structure/HEAD/T1/VANILLA_T1/REGISTERED/SKULLS_OASIS/sub-OAS30844_ses-d0035_run-02_T1w.nii.gz,SKULLS_OASIS,T1
/mnt/wwn-0x5000c500cc8a8151/Prototype_folder_structure/HEAD/T1/VANILLA_T1/REGISTERED/SKULLS_OASIS/sub-OAS31111_ses-d1108_run-02_T1w.nii.gz,SKULLS_OASIS,T1
/mnt/wwn-0x5000c500cc8a8151/Prototype_folder_structure/HEAD/T1/VANILLA_T1/REGISTERED/SKULLS_OASIS/sub-OAS30094_ses-d0679_run-03_T1w.nii.gz,SKULLS_OASIS,T1
/mnt/wwn-0x5000c500cc8a8151/Prototype_folder_structure/HEAD/T1/VANILLA_T1/REGISTERED/SKULLS_OASIS/sub-OAS30614_ses-d4088_T1w.nii.gz,SKULLS_OASIS,T1
/mnt/wwn-0x5000c500cc8a8151/Prototype_folder_structure/HEAD/T1/VANILLA_T1/REGISTERED/SKULLS_OASIS/sub-OAS30493_ses-d0608_T1w.nii.gz,SKULLS_OASIS,T1
/mnt/wwn-0x5000c500cc8a8151/Prototype_folder_structure/HEAD/T1/VANILLA_T1/REGISTERED/SKULLS_OASIS/sub-OAS30487_ses-d2165_T1w.nii.gz,SKULLS_OASIS,T1
/mnt/wwn-0x5000c500cc8a8151/Prototype_folder_structure/HEAD/T1/VANILLA_T1/REGISTERED/SKULLS_OASIS/sub-OAS30698_ses-d1553_run-02_T1w.nii.gz,SKULLS_OASIS,Unknown
/mnt/wwn-0x5000c500cc8a8151/Prototype_folder_structure/HEAD/T1/VANILLA_T1/REGISTERED/SKULLS_OASIS/sub-OAS30675_ses-d7433_run-01_T1w.nii.gz,SKULLS_OASIS,T1
/mnt/wwn-0x5000c500cc8a8151/Prototype_folder_structure/HEAD/T1/VANILLA_T1/REGISTERED/SKULLS_OASIS/sub-OAS30040_ses-d5108_T1w.nii.gz,SKULLS_OASIS,T1
/mnt/wwn-0x5000c500cc8a8151/Prototype_folder_structure/HEAD/T1/VANILLA_T1/REGISTERED/SKULLS_OASIS/sub-OAS31099_ses-d0900_run-02_T1w.nii.gz,SKULLS_OASIS,T1
/mnt/wwn-0x5000c500cc8a8151/Prototype_folder_structure/HEAD/T1/VANILLA_T1/REGISTERED/SKULLS_OASIS/sub-OAS30671_ses-d0267_run-01_T1w.nii.gz,SKULLS_OASIS,T1
/mnt/wwn-0x5000c500cc8a8151/Prototype_folder_structure/HEAD/T1/VANILLA_T1/REGISTERED/SKULLS_OASIS/sub-OAS30803_ses-d4473_T1w.nii.gz,SKULLS_OASIS,T1
/mnt/wwn-0x5000c500cc8a8151/Prototype_folder_structure/HEAD/T1/VANILLA_T1/REGISTERED/SKULLS_OASIS/sub-OAS30274_ses-d0605_run-01_T1w.nii.gz,SKULLS_OASIS,T1
/mnt/wwn-0x5000c500cc8a8151/Prototype_folder_structure/HEAD/T1/VANILLA_T1/REGISTERED/SKULLS_OASIS/sub-OAS30673_ses-d0043_T1w.nii.gz,SKULLS_OASIS,T1
/mnt/wwn-0x5000c500cc8a8151/Prototype_folder_structure/HEAD/T1/VANILLA_T1/REGISTERED/SKULLS_OASIS/sub-OAS30408_ses-d1193_run-02_T1w.nii.gz,SKULLS_OASIS,T1
/mnt/wwn-0x5000c500cc8a8151/Prototype_folder_structure/HEAD/T1/VANILLA_T1/REGISTERED/SKULLS_OASIS/sub-OAS30208_ses-d0436_T1w.nii.gz,SKULLS_OASIS,T1
/mnt/wwn-0x5000c500cc8a8151/Prototype_folder_structure/HEAD/T1/VANILLA_T1/REGISTERED/SKULLS_OASIS/sub-OAS30058_ses-d2236_T1w.nii.gz,SKULLS_OASIS,T1
/mnt/wwn-0x5000c500cc8a8151/Prototype_folder_structure/HEAD/T1/VANILLA_T1/REGISTERED/SKULLS_OASIS/sub-OAS30844_ses-d0035_run-01_T1w.nii.gz,SKULLS_OASIS,T1
/mnt/wwn-0x5000c500cc8a8151/Prototype_folder_structure/HEAD/T1/VANILLA_T1/REGISTERED/SKULLS_OASIS/sub-OAS30899_ses-d2471_T1w.nii.gz,SKULLS_OASIS,T1
/mnt/wwn-0x5000c500cc8a8151/Prototype_folder_structure/HEAD/T1/VANILLA_T1/REGISTERED/SKULLS_OASIS/sub-OAS30428_ses-d0133_T1w.nii.gz,SKULLS_OASIS,T1
/mnt/wwn-0x5000c500cc8a8151/Prototype_folder_structure/HEAD/T1/VANILLA_T1/REGISTERED/SKULLS_OASIS/sub-OAS30212_ses-d3043_T1w.nii.gz,SKULLS_OASIS,T1
/mnt/wwn-0x5000c500cc8a8151/Prototype_folder_structure/HEAD/T1/VANILLA_T1/REGISTERED/SKULLS_OASIS/sub-OAS30429_ses-d0055_T1w.nii.gz,SKULLS_OASIS,T1
/mnt/wwn-0x5000c500cc8a8151/Prototype_folder_structure/HEAD/T1/VANILLA_T1/REGISTERED/SKULLS_OASIS/sub-OAS31118_ses-d2023_T1w.nii.gz,SKULLS_OASIS,T1
/mnt/wwn-0x5000c500cc8a8151/Prototype_folder_structure/HEAD/T1/VANILLA_T1/REGISTERED/SKULLS_OASIS/sub-OAS30461_ses-d0198_run-01_T1w.nii.gz,SKULLS_OASIS,T1
/mnt/wwn-0x5000c500cc8a8151/Prototype_folder_structure/HEAD/T1/VANILLA_T1/REGISTERED/SKULLS_OASIS/sub-OAS30046_ses-d0072_run-02_T1w.nii.gz,SKULLS_OASIS,T1
/mnt/wwn-0x5000c500cc8a8151/Prototype_folder_structure/HEAD/T1/VANILLA_T1/REGISTERED/SKULLS_OASIS/sub-OAS30087_ses-d0260_run-01_T1w.nii.gz,SKULLS_OASIS,T1
/mnt/wwn-0x5000c500cc8a8151/Prototype_folder_structure/HEAD/T1/VANILLA_T1/REGISTERED/SKULLS_OASIS/sub-OAS31125_ses-d0735_run-01_T1w.nii.gz,SKULLS_OASIS,T1
/mnt/wwn-0x5000c500cc8a8151/Prototype_folder_structure/HEAD/T1/VANILLA_T1/REGISTERED/SKULLS_OASIS/sub-OAS30093_ses-d1192_T1w.nii.gz,SKULLS_OASIS,T1
/mnt/wwn-0x5000c500cc8a8151/Prototype_folder_structure/HEAD/T1/VANILLA_T1/REGISTERED/SKULLS_OASIS/sub-OAS30464_ses-d0951_run-02_T1w.nii.gz,SKULLS_OASIS,T1
/mnt/wwn-0x5000c500cc8a8151/Prototype_folder_structure/HEAD/T1/VANILLA_T1/REGISTERED/SKULLS_OASIS/sub-OAS30027_ses-d0433_run-03_T1w.nii.gz,SKULLS_OASIS,T1
/mnt/wwn-0x5000c500cc8a8151/Prototype_folder_structure/HEAD/T1/VANILLA_T1/REGISTERED/SKULLS_OASIS/sub-OAS30258_ses-d0487_run-01_T1w.nii.gz,SKULLS_OASIS,T1
/mnt/wwn-0x5000c500cc8a8151/Prototype_folder_structure/HEAD/T1/VANILLA_T1/REGISTERED/SKULLS_OASIS/sub-OAS30854_ses-d1385_T1w.nii.gz,SKULLS_OASIS,T1
/mnt/wwn-0x5000c500cc8a8151/Prototype_folder_structure/HEAD/T1/VANILLA_T1/REGISTERED/SKULLS_OASIS/sub-OAS30203_ses-d0802_run-01_T1w.nii.gz,SKULLS_OASIS,T1
/mnt/wwn-0x5000c500cc8a8151/Prototype_folder_structure/HEAD/T1/VANILLA_T1/REGISTERED/SKULLS_OASIS/sub-OAS31165_ses-d1122_T1w.nii.gz,SKULLS_OASIS,T1
/mnt/wwn-0x5000c500cc8a8151/Prototype_folder_structure/HEAD/T1/VANILLA_T1/REGISTERED/SKULLS_OASIS/sub-OAS30402_ses-d1085_T1w.nii.gz,SKULLS_OASIS,T1
/mnt/wwn-0x5000c500cc8a8151/Prototype_folder_structure/HEAD/T1/VANILLA_T1/REGISTERED/SKULLS_OASIS/sub-OAS30624_ses-d2896_T1w.nii.gz,SKULLS_OASIS,T1
/mnt/wwn-0x5000c500cc8a8151/Prototype_folder_structure/HEAD/T1/VANILLA_T1/REGISTERED/SKULLS_OASIS/sub-OAS30284_ses-d1633_run-01_T1w.nii.gz,SKULLS_OASIS,T1
/mnt/wwn-0x5000c500cc8a8151/Prototype_folder_structure/HEAD/T1/VANILLA_T1/REGISTERED/SKULLS_OASIS/sub-OAS30273_ses-d0461_run-02_T1w.nii.gz,SKULLS_OASIS,T1
/mnt/wwn-0x5000c500cc8a8151/Prototype_folder_structure/HEAD/T1/VANILLA_T1/REGISTERED/SKULLS_OASIS/sub-OAS30455_ses-d0171_run-02_T1w.nii.gz,SKULLS_OASIS,T1
/mnt/wwn-0x5000c500cc8a8151/Prototype_folder_structure/HEAD/T1/VANILLA_T1/REGISTERED/SKULLS_OASIS/sub-OAS30431_ses-d0113_T1w.nii.gz,SKULLS_OASIS,T1
/mnt/wwn-0x5000c500cc8a8151/Prototype_folder_structure/HEAD/T1/VANILLA_T1/REGISTERED/SKULLS_OASIS/sub-OAS30048_ses-d2292_run-02_T1w.nii.gz,SKULLS_OASIS,T1
/mnt/wwn-0x5000c500cc8a8151/Prototype_folder_structure/HEAD/T1/VANILLA_T1/REGISTERED/SKULLS_OASIS/sub-OAS30676_ses-d4132_T1w.nii.gz,SKULLS_OASIS,T1
/mnt/wwn-0x5000c500cc8a8151/Prototype_folder_structure/HEAD/T1/VANILLA_T1/REGISTERED/SKULLS_OASIS/sub-OAS30001_ses-d2430_T1w.nii.gz,SKULLS_OASIS,T1
/mnt/wwn-0x5000c500cc8a8151/Prototype_folder_structure/HEAD/T1/VANILLA_T1/REGISTERED/SKULLS_OASIS/sub-OAS30073_ses-d1587_run-02_T1w.nii.gz,SKULLS_OASIS,T1
/mnt/wwn-0x5000c500cc8a8151/Prototype_folder_structure/HEAD/T1/VANILLA_T1/REGISTERED/SKULLS_OASIS/sub-OAS30860_ses-d0638_run-03_T1w.nii.gz,SKULLS_OASIS,T1
/mnt/wwn-0x5000c500cc8a8151/Prototype_folder_structure/HEAD/T1/VANILLA_T1/REGISTERED/SKULLS_OASIS/sub-OAS30669_ses-d2733_run-03_T1w.nii.gz,SKULLS_OASIS,T1
/mnt/wwn-0x5000c500cc8a8151/Prototype_folder_structure/HEAD/T1/VANILLA_T1/REGISTERED/SKULLS_OASIS/sub-OAS30231_ses-d3617_T1w.nii.gz,SKULLS_OASIS,T1
/mnt/wwn-0x5000c500cc8a8151/Prototype_folder_structure/HEAD/T1/VANILLA_T1/REGISTERED/SKULLS_OASIS/sub-OAS30499_ses-d1164_T1w.nii.gz,SKULLS_OASIS,T1
/mnt/wwn-0x5000c500cc8a8151/Prototype_folder_structure/HEAD/T1/VANILLA_T1/REGISTERED/SKULLS_OASIS/sub-OAS30027_ses-d2394_T1w.nii.gz,SKULLS_OASIS,T1
/mnt/wwn-0x5000c500cc8a8151/Prototype_folder_structure/HEAD/T1/VANILLA_T1/REGISTERED/SKULLS_OASIS/sub-OAS30037_ses-d0154_T1w.nii.gz,SKULLS_OASIS,T1
/mnt/wwn-0x5000c500cc8a8151/Prototype_folder_structure/HEAD/T1/VANILLA_T1/REGISTERED/SKULLS_OASIS/sub-OAS30832_ses-d0225_run-01_T1w.nii.gz,SKULLS_OASIS,T1
/mnt/wwn-0x5000c500cc8a8151/Prototype_folder_structure/HEAD/T1/VANILLA_T1/REGISTERED/SKULLS_OASIS/sub-OAS30829_ses-d8406_T1w.nii.gz,SKULLS_OASIS,T1
/mnt/wwn-0x5000c500cc8a8151/Prototype_folder_structure/HEAD/T1/VANILLA_T1/REGISTERED/SKULLS_OASIS/sub-OAS31159_ses-d0074_run-01_T1w.nii.gz,SKULLS_OASIS,T1
/mnt/wwn-0x5000c500cc8a8151/Prototype_folder_structure/HEAD/T1/VANILLA_T1/REGISTERED/SKULLS_OASIS/sub-OAS30455_ses-d0171_run-01_T1w.nii.gz,SKULLS_OASIS,T1
/mnt/wwn-0x5000c500cc8a8151/Prototype_folder_structure/HEAD/T1/VANILLA_T1/REGISTERED/SKULLS_OASIS/sub-OAS31114_ses-d1864_run-02_T1w.nii.gz,SKULLS_OASIS,T1
/mnt/wwn-0x5000c500cc8a8151/Prototype_folder_structure/HEAD/T1/VANILLA_T1/REGISTERED/SKULLS_OASIS/sub-OAS30859_ses-d0154_T1w.nii.gz,SKULLS_OASIS,T1
/mnt/wwn-0x5000c500cc8a8151/Prototype_folder_structure/HEAD/T1/VANILLA_T1/REGISTERED/SKULLS_OASIS/sub-OAS30297_ses-d0105_run-03_T1w.nii.gz,SKULLS_OASIS,T1
/mnt/wwn-0x5000c500cc8a8151/Prototype_folder_structure/HEAD/T1/VANILLA_T1/REGISTERED/SKULLS_OASIS/sub-OAS30669_ses-d3919_run-01_T1w.nii.gz,SKULLS_OASIS,T1
/mnt/wwn-0x5000c500cc8a8151/Prototype_folder_structure/HEAD/T1/VANILLA_T1/REGISTERED/SKULLS_OASIS/sub-OAS30276_ses-d2408_T1w.nii.gz,SKULLS_OASIS,T1
/mnt/wwn-0x5000c500cc8a8151/Prototype_folder_structure/HEAD/T1/VANILLA_T1/REGISTERED/SKULLS_OASIS/sub-OAS30455_ses-d2887_run-01_T1w.nii.gz,SKULLS_OASIS,T1
/mnt/wwn-0x5000c500cc8a8151/Prototype_folder_structure/HEAD/T1/VANILLA_T1/REGISTERED/SKULLS_OASIS/sub-OAS30253_ses-d1288_T1w.nii.gz,SKULLS_OASIS,T1
/mnt/wwn-0x5000c500cc8a8151/Prototype_folder_structure/HEAD/T1/VANILLA_T1/REGISTERED/SKULLS_OASIS/sub-OAS30041_ses-d6548_run-03_T1w.nii.gz,SKULLS_OASIS,Unknown
/mnt/wwn-0x5000c500cc8a8151/Prototype_folder_structure/HEAD/T1/VANILLA_T1/REGISTERED/SKULLS_OASIS/sub-OAS30817_ses-d2324_T1w.nii.gz,SKULLS_OASIS,T1
/mnt/wwn-0x5000c500cc8a8151/Prototype_folder_structure/HEAD/T1/VANILLA_T1/REGISTERED/SKULLS_OASIS/sub-OAS30615_ses-d0265_run-01_T1w.nii.gz,SKULLS_OASIS,T1
/mnt/wwn-0x5000c500cc8a8151/Prototype_folder_structure/HEAD/T1/VANILLA_T1/REGISTERED/SKULLS_OASIS/sub-OAS30048_ses-d4459_T1w.nii.gz,SKULLS_OASIS,T1
/mnt/wwn-0x5000c500cc8a8151/Prototype_folder_structure/HEAD/T1/VANILLA_T1/REGISTERED/SKULLS_OASIS/sub-OAS30601_ses-d2372_T1w.nii.gz,SKULLS_OASIS,T1
/mnt/wwn-0x5000c500cc8a8151/Prototype_folder_structure/HEAD/T1/VANILLA_T1/REGISTERED/SKULLS_OASIS/sub-OAS30672_ses-d0966_T1w.nii.gz,SKULLS_OASIS,T1
/mnt/wwn-0x5000c500cc8a8151/Prototype_folder_structure/HEAD/T1/VANILLA_T1/REGISTERED/SKULLS_OASIS/sub-OAS30483_ses-d0947_T1w.nii.gz,SKULLS_OASIS,T1
/mnt/wwn-0x5000c500cc8a8151/Prototype_folder_structure/HEAD/T1/VANILLA_T1/REGISTERED/SKULLS_OASIS/sub-OAS30249_ses-d1238_run-02_T1w.nii.gz,SKULLS_OASIS,T1
/mnt/wwn-0x5000c500cc8a8151/Prototype_folder_structure/HEAD/T1/VANILLA_T1/REGISTERED/SKULLS_OASIS/sub-OAS30419_ses-d0621_run-01_T1w.nii.gz,SKULLS_OASIS,T1
/mnt/wwn-0x5000c500cc8a8151/Prototype_folder_structure/HEAD/T1/VANILLA_T1/REGISTERED/SKULLS_OASIS/sub-OAS30249_ses-d0749_T1w.nii.gz,SKULLS_OASIS,T1
/mnt/wwn-0x5000c500cc8a8151/Prototype_folder_structure/HEAD/T1/VANILLA_T1/REGISTERED/SKULLS_OASIS/sub-OAS30026_ses-d0129_T1w.nii.gz,SKULLS_OASIS,T1
/mnt/wwn-0x5000c500cc8a8151/Prototype_folder_structure/HEAD/T1/VANILLA_T1/REGISTERED/SKULLS_OASIS/sub-OAS30641_ses-d0585_run-02_T1w.nii.gz,SKULLS_OASIS,T1
/mnt/wwn-0x5000c500cc8a8151/Prototype_folder_structure/HEAD/T1/VANILLA_T1/REGISTERED/SKULLS_OASIS/sub-OAS30078_ses-d0210_run-02_T1w.nii.gz,SKULLS_OASIS,T1
/mnt/wwn-0x5000c500cc8a8151/Prototype_folder_structure/HEAD/T1/VANILLA_T1/REGISTERED/SKULLS_OASIS/sub-OAS30841_ses-d1826_run-02_T1w.nii.gz,SKULLS_OASIS,T1
/mnt/wwn-0x5000c500cc8a8151/Prototype_folder_structure/HEAD/T1/VANILLA_T1/REGISTERED/SKULLS_OASIS/sub-OAS30827_ses-d0043_run-01_T1w.nii.gz,SKULLS_OASIS,T1
/mnt/wwn-0x5000c500cc8a8151/Prototype_folder_structure/HEAD/T1/VANILLA_T1/REGISTERED/SKULLS_OASIS/sub-OAS30004_ses-d2232_run-02_T1w.nii.gz,SKULLS_OASIS,T1
/mnt/wwn-0x5000c500cc8a8151/Prototype_folder_structure/HEAD/T1/VANILLA_T1/REGISTERED/SKULLS_OASIS/sub-OAS31094_ses-d2064_T1w.nii.gz,SKULLS_OASIS,T1
/mnt/wwn-0x5000c500cc8a8151/Prototype_folder_structure/HEAD/T1/VANILLA_T1/REGISTERED/SKULLS_OASIS/sub-OAS31104_ses-d1321_T1w.nii.gz,SKULLS_OASIS,T1
/mnt/wwn-0x5000c500cc8a8151/Prototype_folder_structure/HEAD/T1/VANILLA_T1/REGISTERED/SKULLS_OASIS/sub-OAS30822_ses-d2022_T1w.nii.gz,SKULLS_OASIS,T1
/mnt/wwn-0x5000c500cc8a8151/Prototype_folder_structure/HEAD/T1/VANILLA_T1/REGISTERED/SKULLS_OASIS/sub-OAS30083_ses-d0465_run-01_T1w.nii.gz,SKULLS_OASIS,T1
/mnt/wwn-0x5000c500cc8a8151/Prototype_folder_structure/HEAD/T1/VANILLA_T1/REGISTERED/SKULLS_OASIS/sub-OAS30883_ses-d0842_run-01_T1w.nii.gz,SKULLS_OASIS,T1
/mnt/wwn-0x5000c500cc8a8151/Prototype_folder_structure/HEAD/T1/VANILLA_T1/REGISTERED/SKULLS_OASIS/sub-OAS30678_ses-d0093_run-01_T1w.nii.gz,SKULLS_OASIS,T1
/mnt/wwn-0x5000c500cc8a8151/Prototype_folder_structure/HEAD/T1/VANILLA_T1/REGISTERED/SKULLS_OASIS/sub-OAS30463_ses-d2737_run-02_T1w.nii.gz,SKULLS_OASIS,Unknown
/mnt/wwn-0x5000c500cc8a8151/Prototype_folder_structure/HEAD/T1/VANILLA_T1/REGISTERED/SKULLS_OASIS/sub-OAS30626_ses-d1213_run-01_T1w.nii.gz,SKULLS_OASIS,T1
/mnt/wwn-0x5000c500cc8a8151/Prototype_folder_structure/HEAD/T1/VANILLA_T1/REGISTERED/SKULLS_OASIS/sub-OAS30671_ses-d3613_T1w.nii.gz,SKULLS_OASIS,T1
/mnt/wwn-0x5000c500cc8a8151/Prototype_folder_structure/HEAD/T1/VANILLA_T1/REGISTERED/SKULLS_OASIS/sub-OAS30605_ses-d0941_T1w.nii.gz,SKULLS_OASIS,T1
/mnt/wwn-0x5000c500cc8a8151/Prototype_folder_structure/HEAD/T1/VANILLA_T1/REGISTERED/SKULLS_OASIS/sub-OAS31168_ses-d2526_T1w.nii.gz,SKULLS_OASIS,T1
/mnt/wwn-0x5000c500cc8a8151/Prototype_folder_structure/HEAD/T1/VANILLA_T1/REGISTERED/SKULLS_OASIS/sub-OAS30005_ses-d0143_T1w.nii.gz,SKULLS_OASIS,T1
/mnt/wwn-0x5000c500cc8a8151/Prototype_folder_structure/HEAD/T1/VANILLA_T1/REGISTERED/SKULLS_OASIS/sub-OAS30444_ses-d0001_run-01_T1w.nii.gz,SKULLS_OASIS,T1
/mnt/wwn-0x5000c500cc8a8151/Prototype_folder_structure/HEAD/T1/VANILLA_T1/REGISTERED/SKULLS_OASIS/sub-OAS30261_ses-d0785_run-02_T1w.nii.gz,SKULLS_OASIS,T1
/mnt/wwn-0x5000c500cc8a8151/Prototype_folder_structure/HEAD/T1/VANILLA_T1/REGISTERED/SKULLS_OASIS/sub-OAS30615_ses-d0191_T1w.nii.gz,SKULLS_OASIS,T1
/mnt/wwn-0x5000c500cc8a8151/Prototype_folder_structure/HEAD/T1/VANILLA_T1/REGISTERED/SKULLS_OASIS/sub-OAS31155_ses-d8643_run-02_T1w.nii.gz,SKULLS_OASIS,T1
/mnt/wwn-0x5000c500cc8a8151/Prototype_folder_structure/HEAD/T1/VANILLA_T1/REGISTERED/SKULLS_OASIS/sub-OAS30059_ses-d0230_run-02_T1w.nii.gz,SKULLS_OASIS,T1
/mnt/wwn-0x5000c500cc8a8151/Prototype_folder_structure/HEAD/T1/VANILLA_T1/REGISTERED/SKULLS_OASIS/sub-OAS30815_ses-d0148_run-01_T1w.nii.gz,SKULLS_OASIS,T1
/mnt/wwn-0x5000c500cc8a8151/Prototype_folder_structure/HEAD/T1/VANILLA_T1/REGISTERED/SKULLS_OASIS/sub-OAS30028_ses-d0043_run-02_T1w.nii.gz,SKULLS_OASIS,T1
